patient_id,name,gender,age,age_group,city,state,condition_count,chronic_condition_count,encounter_count,days_since_last_encounter,last_encounter_date,has_diabetes,has_ckd,has_copd,has_hypertension,gap_hba1c,gap_egfr,gap_bp,gap_spirometry,readmission_risk_score,risk_tier
4852418,Ref Target,unknown,,Unknown,,,0,0,0,,,False,False,False,False,False,False,False,False,0.0,Low
a196b317-2719-4739-b449-4ac5ec4fce62,Noel Reynolds,male,7,0 to 17,Boxford,Massachusetts,1,0,10,2074,2021-01-01,False,False,False,False,False,False,False,False,0.2,Low
bb7fb8e1-1a76-4328-92ea-3852f34846e6,Eboni Brekke,female,31,18 to 34,Canton,Massachusetts,3,0,19,2197,2020-08-31,False,False,False,False,False,False,False,False,0.2,Low
b89834ac-a767-4563-890b-cac9d55adb15,Eduardo Treviño,male,55,55 to 69,Saugus,Massachusetts,4,1,21,2168,2020-09-29,False,False,False,False,False,False,False,False,0.4,Medium
9afe28dc-7ad5-4e90-b6a6-16123eae98c3,Andy Schaden,male,94,85 plus,Reading,Massachusetts,7,1,16,2019,2021-02-25,True,False,False,False,True,False,False,False,0.6,Medium
d4fb3bba-73a9-4b82-a0bc-678d47f386b4,Babara Rice,female,46,35 to 54,Springfield,Massachusetts,14,2,106,2023,2021-02-21,False,False,False,True,False,False,True,False,0.4,Medium
2094b6fa-01b6-4d0c-bef4-38931181732e,Tanner Ondricka,male,81,70 to 84,Peabody,Massachusetts,9,2,18,2019,2021-02-25,True,False,False,False,True,False,False,False,0.7,High
3552e945-2598-4993-b617-4133ab2ed914,Maida Gerhold,female,40,35 to 54,Boston,Massachusetts,8,3,15,2042,2021-02-02,True,False,False,True,True,False,True,False,0.65,High
a6fb5437-10d5-4f70-81a0-4f43bfbd9fb0,Trenton Turner,male,41,35 to 54,Quincy,Massachusetts,2,0,33,2151,2020-10-16,False,False,False,False,False,False,False,False,0.2,Low
004b7f3b-eaaa-4eda-81dc-3a82854a363d,Mayte Escobar,female,60,55 to 69,Worcester,Massachusetts,7,1,39,2030,2021-02-14,True,False,False,False,True,False,False,False,0.5,Medium
06895d41-5937-4e83-9f3d-0af09db31c69,Kendall Keeling,male,111,85 plus,West Springfield Town,Massachusetts,13,4,73,2248,2020-07-11,False,False,False,False,False,False,False,False,0.75,High
d0f9bf93-f99f-4544-b095-1d3c5265b5bb,Maricarmen Alarcón,female,39,35 to 54,Seekonk,Massachusetts,7,0,56,2061,2021-01-14,False,False,False,False,False,False,False,False,0.2,Low
f9ed4a8e-44f9-4392-bf35-9857b65937c5,Kathy Walker,female,37,35 to 54,Boston,Massachusetts,11,0,55,1999,2021-03-17,False,False,False,False,False,False,False,False,0.2,Low
0d1c4ee3-084d-4818-9689-783e94162748,Lloyd Rippin,male,14,0 to 17,Cohasset,Massachusetts,4,0,23,2029,2021-02-15,False,False,False,False,False,False,False,False,0.2,Low
802e150c-c3f3-4a2d-954f-9b7a92be59bc,Jacqueline Wyman,female,31,18 to 34,Boston,Massachusetts,8,1,40,2409,2020-02-01,False,False,False,True,False,False,True,False,0.3,Low
11a7f0e3-b1d0-431c-adb6-ad1ad8d61720,Mafalda Turcotte,female,57,55 to 69,Bolton,Massachusetts,13,3,19,1996,2021-03-20,True,False,False,False,True,False,False,False,0.75,High
ba55f379-b944-44f3-a58a-14b95a623c1b,Louis Miller,male,47,35 to 54,Lancaster,Massachusetts,5,0,9,2527,2019-10-06,False,False,False,False,False,False,False,False,0.1,Low
28d83205-7289-4483-a25d-877009825909,Sylvia Mitchell,female,77,70 to 84,Taunton,Massachusetts,6,2,43,2107,2020-11-29,False,False,False,False,False,False,False,False,0.6,Medium
af0e5952-c2ac-44fc-a896-36e9e30c2097,Madalyn Frami,female,38,35 to 54,Waltham,Massachusetts,20,3,38,2236,2020-07-23,True,False,False,False,True,False,False,False,0.65,High
7d3aec4c-0f8f-4bde-b6c2-37fdb2c537d8,María Eugenia Medina,female,6,0 to 17,Boston,Massachusetts,1,0,8,2011,2021-03-05,False,False,False,False,False,False,False,False,0.1,Low
a9dd69c1-b94a-4434-8239-48d264b39746,Estela Flórez,female,49,35 to 54,Dracut,Massachusetts,5,1,39,2033,2021-02-11,False,False,False,False,False,False,False,False,0.3,Low
1f456f0a-acb1-4728-82af-01ca57083c7b,Kermit Trantow,male,33,18 to 34,Boston,Massachusetts,6,2,12,2193,2020-09-04,False,False,False,True,False,False,True,False,0.4,Medium
3f1fe154-98d8-4d19-bf34-5497e37d2068,Errol Prohaska,male,22,18 to 34,Gloucester,Massachusetts,5,0,16,2076,2020-12-30,False,False,False,False,False,False,False,False,0.2,Low
2cda5aad-e409-4070-9a15-e1c35c46ed5a,Geoffrey Abbott,male,34,18 to 34,Southborough,Massachusetts,7,1,11,2669,2019-05-17,False,False,False,True,False,False,True,False,0.3,Low
5ee05359-57bf-4cee-8e89-91382c07e162,Barney Abbott,male,62,55 to 69,Framingham,Massachusetts,5,0,11,,1989-02-22,False,False,False,False,False,False,False,False,0.3,Low
5d08f7da-5a78-4d35-afec-9d2c2c0245ee,Raymon Kris,male,34,18 to 34,Lynn,Massachusetts,10,0,16,2947,2018-08-12,False,False,False,False,False,False,False,False,0.2,Low
a74651a6-8141-4c7e-91b5-a43ce80e6b92,Emeline Hilll,female,102,85 plus,Weston,Massachusetts,20,1,64,,1959-12-14,False,False,False,True,False,False,True,False,0.5,Medium
2d79458c-3c54-4bc4-bf3c-ccea471988fc,Quintin Parker,male,55,55 to 69,Lowell,Massachusetts,7,1,59,2004,2021-03-12,True,False,False,False,True,False,False,False,0.5,Medium
0b8d3c83-93f8-4f9a-b711-96b7d2e13264,Shameka Marvin,female,37,35 to 54,Bridgewater,Massachusetts,9,0,38,1986,2021-03-30,False,False,False,False,False,False,False,False,0.2,Low
ae8a896e-bbd9-4e1a-a732-1568df9d7527,Raúl Fernández,male,54,35 to 54,Brockton,Massachusetts,8,1,14,2271,2020-06-18,True,False,False,False,True,False,False,False,0.4,Medium
65b95f0a-e27d-4536-b04e-4e17a726ed38,Carson Beatty,male,57,55 to 69,Shrewsbury,Massachusetts,10,4,93,2105,2020-12-01,True,True,False,False,True,True,False,False,0.75,High
14867dba-fb11-4df3-9829-8e8e081b39e6,Denny Bins,male,44,35 to 54,Dedham,Massachusetts,2,0,8,2626,2019-06-29,False,False,False,False,False,False,False,False,0.1,Low
754942e7-108b-47eb-87ea-b365264e7ee6,Marlin Hagenes,male,23,18 to 34,Haverhill,Massachusetts,4,0,14,2084,2020-12-22,False,False,False,False,False,False,False,False,0.2,Low
030b3765-844c-4cc1-a36f-974c37895eee,Chau Anderson,female,29,18 to 34,Winthrop Town,Massachusetts,7,0,29,2163,2020-10-04,False,False,False,False,False,False,False,False,0.2,Low
aa0b29d0-6916-4fb7-85f0-6e42370dd5fa,Ammie Huels,female,78,70 to 84,Holyoke,Massachusetts,8,2,21,2022,2021-02-22,True,False,False,False,True,False,False,False,0.7,High
cb0a84bd-b04c-458e-baa3-c9f89ca767d7,Erminia Ondricka,female,17,0 to 17,Duxbury,Massachusetts,4,1,30,2087,2020-12-19,False,False,False,False,False,False,False,False,0.3,Low
0488ce70-f68d-45fb-b6a5-29684d0e4f35,Carin Schowalter,female,58,55 to 69,Taunton,Massachusetts,7,3,29,2151,2020-10-16,False,False,False,False,False,False,False,False,0.65,High
ede897d1-b0d4-4401-9c8b-45ccf637cbbd,Elsy Hermiston,female,95,85 plus,New Bedford,Massachusetts,9,3,54,1988,2021-03-28,False,False,True,True,False,False,True,True,0.75,High
4bd94092-ce3a-404a-8d16-d6c84b9617bc,Christian Brekke,female,24,18 to 34,Newton,Massachusetts,4,1,33,2182,2020-09-15,False,False,False,True,False,False,True,False,0.3,Low
7c058fdc-75a9-4837-bedf-3bf1924311b7,Erick Auer,male,22,18 to 34,Malden,Massachusetts,2,0,12,2172,2020-09-25,False,False,False,False,False,False,False,False,0.2,Low
dc877b20-081d-4109-9e97-99f0fdc58287,David Alcántar,male,64,55 to 69,Woburn,Massachusetts,5,2,18,2122,2020-11-14,False,False,False,False,False,False,False,False,0.5,Medium
775ae455-7966-416e-8d04-fd0b8fdac28f,Mariana Acuña,female,38,35 to 54,Chelmsford,Massachusetts,5,0,60,2143,2020-10-24,False,False,False,False,False,False,False,False,0.2,Low
08bb5ad8-79b2-47ef-a0ad-81ef0b4ab2c3,Harland DuBuque,male,88,85 plus,New Bedford,Massachusetts,8,1,68,8828,2002-07-06,False,False,False,False,False,False,False,False,0.5,Medium
87a339d0-8cae-418e-89c7-8651e6aab3c6,Danae Kshlerin,female,62,55 to 69,Salem,Massachusetts,15,3,56,2010,2021-03-06,True,False,False,False,True,False,False,False,0.75,High
018f428e-34f6-4707-8009-5ad742f901e7,Abdul Koepp,male,70,70 to 84,Peabody,Massachusetts,3,1,16,2102,2020-12-04,False,False,False,False,False,False,False,False,0.5,Medium
689892bd-dcbe-41fc-8651-38a1d0893854,Aundrea Grant,female,61,55 to 69,Pittsfield,Massachusetts,9,3,66,2029,2021-02-15,False,False,False,True,False,False,True,False,0.65,High
9e691882-981e-4dd3-af5e-be44d315d715,María del Carmen Abreu,female,40,35 to 54,Methuen Town,Massachusetts,14,0,44,2002,2021-03-14,False,False,False,False,False,False,False,False,0.2,Low
eedd6def-8163-4238-825f-19e8bbd63d34,Merlin Howell,male,110,85 plus,Sharon,Massachusetts,7,2,17,2214,2020-08-14,True,False,False,False,True,False,False,False,0.7,High
6daf3d7c-1620-4d79-9396-990469306470,Daisey Johns,female,11,0 to 17,Rowley,Massachusetts,7,1,32,2087,2020-12-19,False,False,False,False,False,False,False,False,0.3,Low
86512c6f-caf6-41f4-9503-e4270b37b94f,Blake Eichmann,male,33,18 to 34,Tewksbury,Massachusetts,4,0,9,1994,2021-03-22,False,False,False,False,False,False,False,False,0.1,Low
a8ddde95-60c6-4aae-9db8-bb863179ebc3,Cruz Halvorson,female,72,70 to 84,Peabody,Massachusetts,9,2,26,2134,2020-11-02,False,False,False,False,False,False,False,False,0.6,Medium
bfa92124-f8a9-4bc3-92ff-fcc768685b5e,Elvira Pacheco,female,36,35 to 54,Holden,Massachusetts,5,0,108,2417,2020-01-24,False,False,False,False,False,False,False,False,0.2,Low
546ebc02-7a24-497f-bcbc-e3bb473dac7a,Isabel Runte,female,75,70 to 84,Boston,Massachusetts,5,1,14,2004,2021-03-12,True,False,False,False,True,False,False,False,0.6,Medium
ebd50853-8a52-423a-8f6d-cb6dda740a1a,Eura Treutel,female,91,85 plus,Weston,Massachusetts,10,3,37,2147,2020-10-20,True,False,False,False,True,False,False,False,0.85,High
39e53c6f-309b-4ed7-b650-79a4ef7b1e99,Joaquin Rodriguez,male,39,35 to 54,Burlington,Massachusetts,5,1,11,2688,2019-04-28,False,False,False,True,False,False,True,False,0.3,Low
e1943f44-dea5-4574-b824-622a5ddd2fd7,Cristine Labadie,female,47,35 to 54,Worcester,Massachusetts,5,0,45,2021,2021-02-23,False,False,False,False,False,False,False,False,0.2,Low
20a30240-90e2-431b-8ce5-e47aa814d017,Emanuel Carroll,male,11,0 to 17,Dedham,Massachusetts,4,0,22,2022,2021-02-22,False,False,False,False,False,False,False,False,0.2,Low
b96aa17a-6e5a-466c-9dd4-78fc74e4d6d2,Michael Kihn,male,45,35 to 54,Springfield,Massachusetts,1,0,5,2018,2021-02-26,False,False,False,False,False,False,False,False,0.1,Low
ca95b2c5-d306-44d4-a7fa-756de736e68e,Laurie McCullough,female,27,18 to 34,Saugus,Massachusetts,6,1,16,2111,2020-11-25,False,False,False,True,False,False,True,False,0.3,Low
4b65ed63-14ff-46f9-b336-1edb1ef1410e,Monika Green,female,23,18 to 34,Ashland,Massachusetts,3,1,17,2145,2020-10-22,False,False,False,False,False,False,False,False,0.3,Low
7e1f4334-1a53-41a7-b07f-f0203bb55733,Micha Kertzmann,female,84,70 to 84,Yarmouth,Massachusetts,7,2,28,2713,2019-04-03,False,False,False,False,False,False,False,False,0.6,Medium
ab245cab-fcbc-4d5f-a2e8-b9433fc7d26f,Rachael McDermott,female,52,35 to 54,Revere,Massachusetts,10,1,13,1991,2021-03-25,False,False,False,False,False,False,False,False,0.3,Low
98671a34-1c6e-4569-a1bc-6ee40c8d03a5,Jacki Feil,female,58,55 to 69,Kingston,Massachusetts,7,2,23,2218,2020-08-10,True,False,False,False,True,False,False,False,0.6,Medium
bc6c8e2a-63de-4790-94af-fcab57874c21,Charita Adams,female,24,18 to 34,Brookline,Massachusetts,7,0,27,2114,2020-11-22,False,False,False,False,False,False,False,False,0.2,Low
43b6ae50-2cca-4934-ad38-282f8934b770,Adán Portillo,male,89,85 plus,Billerica,Massachusetts,13,2,25,2150,2020-10-17,False,False,False,False,False,False,False,False,0.6,Medium
c19264dc-4d8e-488f-b6df-31a896089080,Jesús Alvarez,male,41,35 to 54,Hudson,Massachusetts,6,0,11,2319,2020-05-01,False,False,False,False,False,False,False,False,0.2,Low
b3873037-a455-4558-a066-9faaed01b673,George Kutch,male,59,55 to 69,North Attleborough,Massachusetts,4,2,11,2186,2020-09-11,False,False,False,True,False,False,True,False,0.5,Medium
2e46729a-6efe-4f46-be91-50ac16b547c6,Walton King,male,13,0 to 17,Hanover,Massachusetts,5,0,22,2124,2020-11-12,False,False,False,False,False,False,False,False,0.2,Low
389bac6b-5b19-43c2-90a6-79afa9ba59e7,Eliseo Cummings,male,53,35 to 54,Lawrence,Massachusetts,12,3,117,2244,2020-07-15,True,False,False,True,True,False,True,False,0.65,High
5db1e775-33a3-47fb-8954-d97cd43e8074,Nikki Ferry,female,65,55 to 69,Sharon,Massachusetts,13,3,23,2177,2020-09-20,True,False,False,False,True,False,False,False,0.75,High
ab4e7a7d-8b0d-41e1-9ce9-3877d7615aed,Renea Quigley,female,68,55 to 69,Southbridge Town,Massachusetts,16,5,37,2005,2021-03-11,True,True,False,True,True,True,True,False,0.75,High
a8cd3462-ed0c-48a4-81cc-45249aa946ca,Darin Skiles,male,59,55 to 69,Easton,Massachusetts,9,1,18,2204,2020-08-24,False,False,False,False,False,False,False,False,0.4,Medium
5fd069dc-e337-4062-9722-a732c655c17d,Coleman Ortiz,male,111,85 plus,West Springfield Town,Massachusetts,21,5,45,,1981-07-12,True,True,False,True,True,True,True,False,0.85,High
29105b30-f807-4e58-a253-01a7830aa8f6,Vera Spinka,female,44,35 to 54,Waltham,Massachusetts,11,0,36,1992,2021-03-24,False,False,False,False,False,False,False,False,0.2,Low
13a00221-8417-4973-961e-e21b32ece95a,Virginia Mercado,female,57,55 to 69,Westwood,Massachusetts,16,2,38,2329,2020-04-21,True,False,False,False,True,False,False,False,0.6,Medium
9d2f59f0-f9b8-4794-877d-24ec6bb875fa,Malcom Harris,male,61,55 to 69,Yarmouth,Massachusetts,5,0,18,2095,2020-12-11,False,False,False,False,False,False,False,False,0.3,Low
db5c2af9-8854-4f8c-a2e9-30640aa3b4b6,Cristobal Alcántar,male,90,85 plus,Boston,Massachusetts,10,3,85,9973,1999-05-18,True,False,False,True,True,False,True,False,0.85,High
6234b038-fa0d-476f-b373-6c22de018cf7,Tommy Friesen,male,79,70 to 84,Southbridge Town,Massachusetts,6,2,18,2093,2020-12-13,True,False,False,False,True,False,False,False,0.7,High
dbc100c0-8f16-4ec1-b74c-74b80de41c07,Octavio Reichert,male,69,55 to 69,Middleborough,Massachusetts,11,2,28,2167,2020-09-30,True,False,False,False,True,False,False,False,0.6,Medium
080e29a2-b350-47a0-8422-1325caefbadc,Vannessa Batz,female,19,18 to 34,Westport,Massachusetts,5,0,15,2036,2021-02-08,False,False,False,False,False,False,False,False,0.2,Low
565feedb-ca56-40e3-aeb2-ace1287164c3,Samira Parisian,female,38,35 to 54,Attleboro,Massachusetts,11,0,28,2104,2020-12-02,False,False,False,False,False,False,False,False,0.2,Low
e312f2f5-689d-47f9-b4dd-f6f12417322f,Bryan Breitenberg,male,62,55 to 69,Watertown Town,Massachusetts,5,2,13,1994,2021-03-22,True,False,False,False,True,False,False,False,0.6,Medium
8c8bea6b-3352-4331-b5e8-544c0fef254a,Sal Strosin,male,87,85 plus,Boston,Massachusetts,9,3,29,9334,2001-02-15,False,False,False,False,False,False,False,False,0.75,High
d98ae128-2a42-4c85-b9aa-cebdf6bddb1d,Jonathon Dietrich,male,57,55 to 69,Newburyport,Massachusetts,4,0,12,2301,2020-05-19,False,False,False,False,False,False,False,False,0.3,Low
768be7ac-743f-4c24-aa0f-fed5a3a38b6a,Lillian Schinner,female,95,85 plus,Northampton,Massachusetts,6,2,58,2076,2020-12-30,True,False,False,False,True,False,False,False,0.7,High
84451841-21bf-4754-9eb5-99d508c4282f,Graciela Alcántar,female,63,55 to 69,Ipswich,Massachusetts,6,2,29,2190,2020-09-07,False,False,False,False,False,False,False,False,0.5,Medium
43dd4e31-0c9d-42c7-a2e1-53ccf0e09dba,Tressa Bergstrom,female,62,55 to 69,Waltham,Massachusetts,10,3,78,2215,2020-08-13,True,False,False,False,True,False,False,False,0.75,High
39234650-0229-4aee-975b-c8ee68bab40b,Christopher Abshire,male,106,85 plus,Chicopee,Massachusetts,11,3,21,3550,2016-12-17,False,False,False,True,False,False,True,False,0.75,High
8acb3d02-4081-4f9a-b805-80ffd158aa66,Arron Schamberger,male,9,0 to 17,Springfield,Massachusetts,0,0,12,2081,2020-12-25,False,False,False,False,False,False,False,False,0.2,Low
45ecc2b1-2e0c-4e67-bdac-2979f439275a,Misty Bradtke,female,53,35 to 54,Cambridge,Massachusetts,15,2,52,5025,2012-12-03,True,False,False,True,True,False,True,False,0.5,Medium
47c09f86-2ff8-46e9-9544-8146fc723bab,Avril Hane,female,84,70 to 84,Yarmouth,Massachusetts,6,2,32,2156,2020-10-11,True,False,False,False,True,False,False,False,0.7,High
10fe9427-a075-4d8c-8af7-1d4d24f72112,Juliette Padberg,female,37,35 to 54,Mashpee,Massachusetts,12,0,65,2000,2021-03-16,False,False,False,False,False,False,False,False,0.2,Low
bab7fbbe-9b84-4b2b-b541-bb1fe769772a,Rashad Feeney,male,66,55 to 69,Hanson,Massachusetts,7,3,38,2027,2021-02-17,False,False,False,True,False,False,True,False,0.65,High
d5525459-8f3e-4e60-8ed2-5140d165db75,Truman Wiegand,male,73,70 to 84,Chicopee,Massachusetts,12,4,51,3146,2018-01-25,True,True,False,False,True,True,False,False,0.85,High
5f6d256f-fc32-4b10-ba9c-51aba830cfa4,Almeda Conn,female,84,70 to 84,Norwell,Massachusetts,17,6,36,9472,2000-09-30,True,False,False,True,True,False,True,False,0.85,High
132f48ba-1d72-4e0c-a220-91786d7501aa,Neva Hyatt,female,56,55 to 69,Leominster,Massachusetts,11,3,49,2004,2021-03-12,True,True,False,False,True,True,False,False,0.75,High
fa064acf-b7f1-4279-83d3-7a94686da7ba,Jeffery Daniel,male,106,85 plus,Chicopee,Massachusetts,16,5,185,1989,2021-03-27,True,False,False,True,True,False,True,False,0.85,High
ffb8ae8f-8c7f-4475-8c42-d38419108e94,Sherman McGlynn,male,89,85 plus,Wrentham,Massachusetts,13,4,72,5150,2012-07-31,False,False,False,False,False,False,False,False,0.75,High
7d92e3ac-4bb6-4c7a-953a-ec8bb3b2da56,Sammie Zemlak,male,67,55 to 69,North Adams,Massachusetts,8,3,28,3667,2016-08-22,True,False,False,True,True,False,True,False,0.75,High
f2316789-30c4-4c06-9193-0ca5475bbb1b,Casimira Nicolas,female,39,35 to 54,Lynn,Massachusetts,11,2,40,2249,2020-07-10,True,False,False,True,True,False,True,False,0.5,Medium
c6e10999-2d4f-405d-964c-2e61f0aebd76,Albertina Klocko,female,70,70 to 84,Hudson,Massachusetts,19,4,119,1995,2021-03-21,True,True,False,False,True,True,False,False,0.85,High
75e95f92-3bfa-454f-aa99-99375173f201,Kimiko Dooley,female,29,18 to 34,Boston,Massachusetts,5,0,83,2005,2021-03-11,False,False,False,False,False,False,False,False,0.2,Low
4577f039-dafd-4751-861c-bb99b34cf71d,Louis Wisoky,male,88,85 plus,New Bedford,Massachusetts,15,3,75,2164,2020-10-03,True,False,False,True,True,False,True,False,0.85,High
6cd1cedb-08c2-473d-b8cf-ca3973587bcc,Keitha Turner,female,22,18 to 34,Newton,Massachusetts,3,0,79,2047,2021-01-28,False,False,False,False,False,False,False,False,0.2,Low
9af8e1d3-885b-4356-bf48-b60297671f9b,Morgan Gislason,female,18,18 to 34,Springfield,Massachusetts,6,0,25,2002,2021-03-14,False,False,False,False,False,False,False,False,0.2,Low
7099b4c5-6f47-4293-9690-f2afb23b9dd6,Willis Crona,male,79,70 to 84,Boston,Massachusetts,21,7,201,1988,2021-03-28,True,True,False,False,True,True,False,False,0.85,High
881f534f-d041-425d-a542-cbf669f43e18,Raeann O'Kon,female,57,55 to 69,Lawrence,Massachusetts,22,4,42,2146,2020-10-21,True,False,False,True,True,False,True,False,0.75,High
ffd502c9-23e1-4f8f-bc8a-87373acad280,Renato Dare,male,50,35 to 54,Oxford,Massachusetts,10,3,16,2190,2020-09-07,True,False,False,False,True,False,False,False,0.65,High
80a75b5a-fd30-4f38-895d-d8098fe7206e,Omar Abernathy,male,26,18 to 34,Franklin Town,Massachusetts,8,1,19,2017,2021-02-27,False,False,False,True,False,False,True,False,0.3,Low
1410c2ee-05cb-4d45-86cc-f4980597f053,Louie Jast,female,76,70 to 84,Taunton,Massachusetts,8,3,28,2024,2021-02-20,False,False,False,False,False,False,False,False,0.75,High
068973f7-ee9f-48ef-b4ec-fb6092b14302,Cathryn Windler,female,101,85 plus,Boston,Massachusetts,5,3,19,7354,2006-07-19,False,False,False,False,False,False,False,False,0.75,High
d00b766a-f5fa-4730-a64d-e8574994f460,Luis Miguel Delarosa,male,77,70 to 84,Milton,Massachusetts,10,2,24,1998,2021-03-18,True,False,True,True,True,False,True,True,0.7,High
7c10b60c-42a6-4504-b446-f5268c573861,Rob Rau,male,22,18 to 34,Worcester,Massachusetts,5,0,79,2099,2020-12-07,False,False,False,False,False,False,False,False,0.2,Low
68eec23c-3211-4eba-a28b-c26a2f7f49c4,Christian Balistreri,male,30,18 to 34,Westford,Massachusetts,1,0,7,2883,2018-10-15,False,False,False,False,False,False,False,False,0.1,Low
2744ab6f-91dd-4e4f-8208-fe52ee2c27d1,Whitney Ortiz,male,66,55 to 69,Fall River,Massachusetts,14,2,36,3560,2016-12-07,False,False,False,False,False,False,False,False,0.5,Medium
186ff984-f437-4817-8d35-0997a8b7f405,Twyla Moen,female,80,70 to 84,Chicopee,Massachusetts,15,4,28,2170,2020-09-27,True,False,False,True,True,False,True,False,0.85,High
bd6f9f37-7295-4cd6-b212-134afcef1253,Josue Sipes,male,70,70 to 84,Middleborough,Massachusetts,22,9,46,2003,2021-03-13,True,True,False,True,True,True,True,False,0.85,High
2f06f0fd-bc92-4450-9b66-4f15bd84d056,Frances Mann,male,59,55 to 69,Hingham,Massachusetts,9,2,60,2829,2018-12-08,False,False,False,True,False,False,True,False,0.5,Medium
17ff80a3-dda8-4a58-a8c5-6fe94ad0d747,Minh Monahan,male,23,18 to 34,Shrewsbury,Massachusetts,10,0,95,2054,2021-01-21,False,False,False,False,False,False,False,False,0.2,Low
35ee91de-83bd-4fa3-9548-58384c91de93,Minna Skiles,female,63,55 to 69,Lowell,Massachusetts,3,1,15,2059,2021-01-16,False,False,False,False,False,False,False,False,0.4,Medium
866bb57e-a566-4708-8381-3a0a400e93ab,Dorris Kuhic,female,10,0 to 17,Westport,Massachusetts,4,1,17,2264,2020-06-25,False,False,False,False,False,False,False,False,0.3,Low
d00b080d-706e-4cd8-ae87-6531e798b1fd,Ali Herman,male,74,70 to 84,Marblehead,Massachusetts,9,2,35,2013,2021-03-03,True,False,False,False,True,False,False,False,0.7,High
1ce88101-5829-4c50-9b30-3b9e166d51c8,Oswaldo Armstrong,male,89,85 plus,Wrentham,Massachusetts,9,1,21,2242,2020-07-17,False,False,False,False,False,False,False,False,0.5,Medium
f3d887cf-1b74-4922-b35d-32bfaa1670ec,Vinnie Dare,female,12,0 to 17,Everett,Massachusetts,4,0,19,2223,2020-08-05,False,False,False,False,False,False,False,False,0.2,Low
43400618-8533-406d-8303-af7cc5714549,Maple Emmerich,female,46,35 to 54,Marlborough,Massachusetts,13,1,46,1996,2021-03-20,True,False,False,False,True,False,False,False,0.4,Medium
8f65af92-c3c9-4316-bb7f-862c248788dd,Tarsha Stokes,female,75,70 to 84,Boston,Massachusetts,17,5,28,3516,2017-01-20,True,False,False,False,True,False,False,False,0.85,High
2a3d4d46-512f-480f-8eb9-5a11ef3b2176,Chauncey Johnston,male,50,35 to 54,Boston,Massachusetts,4,2,8,2387,2020-02-23,False,False,False,False,False,False,False,False,0.3,Low
aba76b64-036c-4477-a48b-2e07a741114e,Karan Gerhold,female,88,85 plus,Somerville,Massachusetts,10,2,46,2078,2020-12-28,True,False,False,False,True,False,False,False,0.7,High
d8a00854-f768-4195-a025-9af34b2e0e9f,Carin Kerluke,female,29,18 to 34,Norwell,Massachusetts,3,1,12,2143,2020-10-24,False,False,False,True,False,False,True,False,0.3,Low
76bc2bcd-3074-46b9-bc18-18daf50825a2,Louis Erdman,male,37,35 to 54,Chicopee,Massachusetts,3,0,12,2026,2021-02-18,False,False,False,False,False,False,False,False,0.2,Low
4f830f8a-7051-4bf4-9882-40f5c60e4159,Zachary Kutch,male,53,35 to 54,Cambridge,Massachusetts,6,1,13,2325,2020-04-25,False,False,False,True,False,False,True,False,0.3,Low
4ef9f896-10bc-4479-acd6-1153e7318f14,Edward Gulgowski,male,33,18 to 34,Chelmsford,Massachusetts,4,2,6,3073,2018-04-08,False,False,False,True,False,False,True,False,0.3,Low
3bffe2b3-b048-436d-b9b1-0d09263836e3,Florencia Meléndez,female,33,18 to 34,Worcester,Massachusetts,9,1,27,2144,2020-10-23,False,False,False,False,False,False,False,False,0.3,Low
2316fb73-df53-4896-b17d-df48a42ce2f8,Ruthie Willms,female,25,18 to 34,Medford,Massachusetts,3,0,34,2018,2021-02-26,False,False,False,False,False,False,False,False,0.2,Low
beabfaa9-5f90-4aa4-860b-529ef87c8080,Oralia Stark,female,28,18 to 34,Arlington,Massachusetts,4,1,14,2138,2020-10-29,True,False,False,False,True,False,False,False,0.4,Medium
476d3544-6370-479f-9ac9-c43434aae12f,Theo Abshire,female,9,0 to 17,Westfield,Massachusetts,4,0,17,2115,2020-11-21,False,False,False,False,False,False,False,False,0.2,Low
09075876-bd10-46cf-9455-d55dc7df9f59,Blaine Schroeder,male,58,55 to 69,Gardner,Massachusetts,15,2,48,2009,2021-03-07,True,False,False,False,True,False,False,False,0.6,Medium
d1934daf-4775-4b55-995b-4be2aa0e395b,Renaldo Jacobi,male,60,55 to 69,Belmont,Massachusetts,7,2,19,2078,2020-12-28,True,False,False,False,True,False,False,False,0.6,Medium
34b6332c-71a9-46ad-9d30-17443d77dbd9,Wendy Littel,female,25,18 to 34,Medford,Massachusetts,0,0,13,2156,2020-10-11,False,False,False,False,False,False,False,False,0.2,Low
e7de504a-311d-49be-b2bc-566a328bcc72,Loria Jenkins,female,89,85 plus,Wareham,Massachusetts,16,4,39,,1993-02-06,True,False,False,False,True,False,False,False,0.85,High
c5ed5d78-5b3f-4a75-bdfb-5f318b068a20,Fletcher Hyatt,male,111,85 plus,West Springfield Town,Massachusetts,20,5,127,,1996-09-06,False,False,False,True,False,False,True,False,0.75,High
948e608d-e408-4788-8cf2-8157c49c2940,Dirk Kuhlman,male,54,35 to 54,Taunton,Massachusetts,18,6,22,2014,2021-03-02,True,True,False,True,True,True,True,False,0.65,High
7cc7918f-fa5a-4818-8088-585e835d4aa7,Margarita Powlowski,female,24,18 to 34,Marblehead,Massachusetts,3,1,16,2110,2020-11-26,False,False,False,True,False,False,True,False,0.3,Low
9bf59715-246f-4ce2-85a6-58c1757f8d21,Margery Gibson,female,77,70 to 84,Cambridge,Massachusetts,15,6,50,2064,2021-01-11,True,False,False,True,True,False,True,False,0.85,High
6e412edd-70a6-44cd-a109-2a908aba849f,Librada Tromp,female,66,55 to 69,Medford,Massachusetts,4,1,17,2045,2021-01-30,True,False,False,False,True,False,False,False,0.5,Medium
a9fb0d0f-fb3c-4173-ad19-ec9ba84f4d02,Lourdes Alcántar,female,86,85 plus,Needham,Massachusetts,17,2,39,3357,2017-06-28,False,False,False,True,False,False,True,False,0.6,Medium
cc74fae7-b8e8-4e77-af46-fb7c3177bf1c,Antony Anderson,male,40,35 to 54,Lawrence,Massachusetts,5,0,9,2554,2019-09-09,False,False,False,False,False,False,False,False,0.1,Low
494743a2-fea5-4827-8f02-c2b91e4a4c9e,Barrett Cummings,male,54,35 to 54,Boston,Massachusetts,5,3,16,2023,2021-02-21,True,False,False,True,True,False,True,False,0.65,High
a85b31e5-8f0c-480d-9e81-67408608dd7a,Pearly Schuster,female,9,0 to 17,Rutland,Massachusetts,2,0,17,2230,2020-07-29,False,False,False,False,False,False,False,False,0.2,Low
02fe5c57-6ef7-441b-8e1b-6ba103854594,Van Rosenbaum,male,10,0 to 17,Burlington,Massachusetts,1,0,14,2164,2020-10-03,False,False,False,False,False,False,False,False,0.2,Low
641f77f3-3580-4a9f-b663-9b2b71ccdc34,Pete Hirthe,male,28,18 to 34,Wakefield,Massachusetts,6,0,14,2196,2020-09-01,False,False,False,False,False,False,False,False,0.2,Low
911103a3-0657-495c-b170-b2ee6078b5c8,Raúl Gómez,male,69,55 to 69,Southborough,Massachusetts,6,1,17,2205,2020-08-23,False,False,False,True,False,False,True,False,0.4,Medium
e0f40fe5-d579-41f7-87f6-6b2f5f6d1e5b,Nohemi Mertz,female,75,70 to 84,Essex,Massachusetts,8,2,23,2007,2021-03-09,False,False,False,False,False,False,False,False,0.6,Medium
1d4685c4-e83e-4a73-a8e5-147a4c0b4ed4,Elijah Zieme,male,115,85 plus,Reading,Massachusetts,20,6,155,,1976-08-09,True,True,False,True,True,True,True,False,0.85,High
91562621-cc8f-4731-b97d-9ff78bcb055c,Maximina Hauck,female,17,0 to 17,Boston,Massachusetts,2,0,14,1987,2021-03-29,False,False,False,False,False,False,False,False,0.2,Low
7a18395e-05fb-44ad-9481-82774944b537,Juan Stracke,female,62,55 to 69,Edgartown,Massachusetts,15,2,46,2170,2020-09-27,True,False,False,False,True,False,False,False,0.6,Medium
d67a0cff-8f7e-46f7-bb99-577a6623e59a,Adolph Smith,male,81,70 to 84,Mashpee,Massachusetts,12,1,24,2055,2021-01-20,True,False,False,False,True,False,False,False,0.6,Medium
63731047-b5a9-4b05-a14b-8cf6507efc98,Adolfo Marquardt,male,77,70 to 84,Wakefield,Massachusetts,7,0,22,2086,2020-12-20,False,False,True,False,False,False,False,True,0.4,Medium
99852f4e-9d55-4b8a-b399-824bd7929f0c,Lyndia Bergstrom,female,102,85 plus,Weston,Massachusetts,6,1,22,,1979-07-23,False,False,False,False,False,False,False,False,0.5,Medium
71304c2e-64b0-4b57-91f6-2c1ff771d72c,Silvana Cremin,female,66,55 to 69,Grafton,Massachusetts,12,3,25,2131,2020-11-05,True,False,False,False,True,False,False,False,0.75,High
fcece34f-2e51-43b5-acb0-361c3472e679,Chet Hoeger,male,38,35 to 54,Brockton,Massachusetts,4,0,7,2204,2020-08-24,False,False,False,False,False,False,False,False,0.1,Low
64de554d-c28d-42bd-bd78-74628938a02f,Nicky Huel,male,67,55 to 69,North Adams,Massachusetts,6,3,19,2062,2021-01-13,True,False,False,False,True,False,False,False,0.75,High
429342a7-e550-482e-8213-f2711cc3eca8,Jake Fay,male,10,0 to 17,Hingham,Massachusetts,6,0,20,1989,2021-03-27,False,False,False,False,False,False,False,False,0.2,Low
b9c78609-bca3-4004-a5ed-246e5f3ff229,Monserrate Mayert,female,43,35 to 54,Waltham,Massachusetts,12,2,51,2041,2021-02-03,False,False,False,True,False,False,True,False,0.4,Medium
f71747e7-e5dd-4e04-8d0a-0c6bc545c2a4,Eddie Lakin,male,115,85 plus,Reading,Massachusetts,14,5,26,,1979-02-26,True,False,False,True,True,False,True,False,0.85,High
c4d8bbb7-7214-4260-8a67-065f51f0af18,Marcos Barrows,male,75,70 to 84,Worcester,Massachusetts,6,2,21,2120,2020-11-16,False,False,False,True,False,False,True,False,0.6,Medium
6bb3d38f-ae2e-40cf-a31e-baaea0b8bcc1,Clorinda Wilkinson,female,102,85 plus,Weston,Massachusetts,20,4,73,2627,2019-06-28,True,False,False,True,True,False,True,False,0.85,High
59bc5dbb-1957-47ef-b6b5-25952e6bfdab,Alberto Armstrong,male,23,18 to 34,North Andover,Massachusetts,3,0,13,2064,2021-01-11,False,False,False,False,False,False,False,False,0.2,Low
d63abf62-0f84-4649-94d2-052d9363ac00,Steve Nikolaus,male,18,18 to 34,Bourne,Massachusetts,4,0,60,2093,2020-12-13,False,False,False,False,False,False,False,False,0.2,Low
67cbf090-4ddb-4799-99ff-a28abe2740b1,Casandra Emmerich,female,40,35 to 54,Boston,Massachusetts,6,1,29,2038,2021-02-06,False,False,False,True,False,False,True,False,0.3,Low
8d1f86a8-3284-43bd-b45e-5931948c97e4,Latanya Kohler,female,77,70 to 84,Fall River,Massachusetts,16,5,33,2226,2020-08-02,True,False,False,True,True,False,True,False,0.85,High
4e8ed886-fd5f-40bb-8feb-f339b04d853a,Alberto Atencio,male,33,18 to 34,Boston,Massachusetts,3,0,6,2736,2019-03-11,False,False,False,False,False,False,False,False,0.1,Low
e24537ec-c094-4b68-9fb1-c4a418de84ed,Sylvester Kshlerin,male,63,55 to 69,Winchester,Massachusetts,3,1,12,2054,2021-01-21,False,False,False,False,False,False,False,False,0.4,Medium
e62229aa-7327-48d5-bbe8-6b8295de0e55,Lonnie Von,male,76,70 to 84,Randolph,Massachusetts,9,0,21,2032,2021-02-12,False,False,False,False,False,False,False,False,0.4,Medium
b218cee9-019d-47a4-b161-e97c0fd6f736,Morris Lockman,male,55,55 to 69,Somerset,Massachusetts,9,4,11,2081,2020-12-25,True,False,False,True,True,False,True,False,0.75,High
34a17aef-dd20-4eda-bf6c-f121e454616d,Tony Beer,male,79,70 to 84,Boston,Massachusetts,2,0,9,,1989-01-15,False,False,True,False,False,False,False,True,0.3,Low
ed6a17f3-deb2-4e7a-9548-5d15d2d47c05,Paola Johnston,female,101,85 plus,Boston,Massachusetts,14,1,85,,1962-03-07,True,False,False,False,True,False,False,False,0.6,Medium
37d21e26-efbe-46cb-83f5-eb0a7199ced6,Damion Strosin,male,67,55 to 69,Granby,Massachusetts,7,0,19,2260,2020-06-29,False,False,False,False,False,False,False,False,0.3,Low
beeb8131-bd2f-46e7-aa10-6553343d32ce,Nicky Little,male,61,55 to 69,Plymouth,Massachusetts,5,2,14,2194,2020-09-03,True,False,False,True,True,False,True,False,0.6,Medium
b93452c9-fb17-4666-909e-b10bb074407b,Tamatha Witting,female,78,70 to 84,Kingston,Massachusetts,4,1,17,2003,2021-03-13,False,False,False,False,False,False,False,False,0.5,Medium
a3d8b846-e2b6-4102-9943-d329a9b06ea8,Opal Terry,female,15,0 to 17,Clinton,Massachusetts,5,0,21,2320,2020-04-30,False,False,False,False,False,False,False,False,0.2,Low
c0d63c39-42aa-4f2c-9669-fa487d5f6f54,Jeffry Jenkins,male,28,18 to 34,Boston,Massachusetts,6,2,13,2256,2020-07-03,True,False,False,True,True,False,True,False,0.5,Medium
7e50540e-d263-4fd4-a2da-b97279871200,Kyla Zulauf,female,84,70 to 84,Canton,Massachusetts,10,4,51,2058,2021-01-17,False,False,False,False,False,False,False,False,0.75,High
2a86a2c6-0885-4046-a09d-9d2474d9a493,Shane Jast,male,115,85 plus,Reading,Massachusetts,8,0,21,,1984-12-03,False,False,False,False,False,False,False,False,0.4,Medium
1fc53917-6bc1-4f87-9008-c91e94f0e188,Mario Dietrich,male,60,55 to 69,Chicopee,Massachusetts,12,2,63,2090,2020-12-16,True,False,False,True,True,False,True,False,0.6,Medium
9da7d8c2-daef-4722-832e-dcf495d13a4e,Reba Nolan,female,76,70 to 84,Norwood,Massachusetts,8,2,19,2313,2020-05-07,False,False,False,True,False,False,True,False,0.6,Medium
1ac8947d-038f-4cc7-81fa-a32e694187e8,Vanda Franecki,female,78,70 to 84,Holyoke,Massachusetts,15,5,27,4668,2013-11-25,True,False,True,False,True,False,False,True,0.85,High
c20ccf5d-19ac-4dfe-bdc3-3d1d6344facc,Bradly Pfannerstill,male,17,0 to 17,Braintree Town,Massachusetts,3,0,17,2183,2020-09-14,False,False,False,False,False,False,False,False,0.2,Low
d64b37f5-d3b5-4c25-abe8-23ebe8f5a04e,Benito Lucio,male,90,85 plus,Boston,Massachusetts,8,2,53,2178,2020-09-19,False,False,False,False,False,False,False,False,0.6,Medium
dbf9798e-4b52-4cd9-a9eb-ec36149c859a,Addie Tremblay,female,34,18 to 34,Springfield,Massachusetts,6,1,37,2050,2021-01-25,False,False,False,True,False,False,True,False,0.3,Low
963dabe4-84e7-4751-b432-e34bdbdbde05,Marcos Delagarza,male,33,18 to 34,Boston,Massachusetts,4,1,9,2065,2021-01-10,True,False,False,False,True,False,False,False,0.3,Low
6d23a95e-7e18-4201-90ec-9501fa89fbd2,Alfreda Wyman,female,45,35 to 54,Wilmington,Massachusetts,3,2,8,2105,2020-12-01,True,False,False,True,True,False,True,False,0.4,Medium
0ac13d55-d566-450a-aea0-f6a71f1ad73b,Dennis Durgan,male,77,70 to 84,Grafton,Massachusetts,9,3,25,6509,2008-11-10,False,False,False,True,False,False,True,False,0.75,High
3ce34794-f9f4-45a0-824e-19760b2f80c8,Marlin Kuphal,male,85,85 plus,Pepperell,Massachusetts,6,1,16,2074,2021-01-01,False,False,False,True,False,False,True,False,0.5,Medium
9a82c90c-ba2d-4b36-a523-ee13e38b8e39,Devin Bailey,male,74,70 to 84,Granby,Massachusetts,13,3,38,1999,2021-03-17,True,False,False,True,True,False,True,False,0.85,High
6bb97c2b-8762-4763-ad16-2d88db590b74,Dannie Schmitt,female,45,35 to 54,Norwood,Massachusetts,3,0,7,1998,2021-03-18,False,False,False,False,False,False,False,False,0.1,Low
3eba51ce-4d42-4e70-b1a9-136c6721ea56,Dominic Thiel,male,64,55 to 69,Dedham,Massachusetts,12,1,24,2137,2020-10-30,False,False,False,False,False,False,False,False,0.4,Medium
365d73bb-4e5f-4f7d-8aa0-a5f46289b915,Deedra Lockman,female,22,18 to 34,Lexington,Massachusetts,1,0,12,2137,2020-10-30,False,False,False,False,False,False,False,False,0.2,Low
0a616e8d-e5d1-463e-af36-c2a4d4803be5,Peter Wunsch,female,70,70 to 84,Duxbury,Massachusetts,8,2,48,2254,2020-07-05,False,False,True,False,False,False,False,True,0.6,Medium
f17e9000-364e-466f-9a73-427cbdcead3d,Rick Prohaska,male,111,85 plus,West Springfield Town,Massachusetts,12,4,41,,1993-01-09,True,False,False,False,True,False,False,False,0.85,High
9efca32a-04f9-438a-990c-a287e8b62aac,Vito Feeney,male,115,85 plus,Reading,Massachusetts,15,6,73,,1979-11-12,True,True,False,True,True,True,True,False,0.85,High
0d585094-1e04-4c71-8735-444e99bf7a99,Mao Kilback,female,8,0 to 17,Stoneham,Massachusetts,1,0,11,2126,2020-11-10,False,False,False,False,False,False,False,False,0.2,Low
dba34946-91c6-464b-b8eb-c02f01e23c4f,Zachariah Osinski,male,105,85 plus,Westwood,Massachusetts,8,2,16,2107,2020-11-29,True,False,False,False,True,False,False,False,0.7,High
8c0f46f4-dd7b-4a5f-bd35-f0f41a2f8882,Matt Runte,male,63,55 to 69,Westport,Massachusetts,9,2,19,2209,2020-08-19,True,False,False,False,True,False,False,False,0.6,Medium
32cd9fa4-7a32-4de1-bce2-548e37151540,Vito Cole,male,56,55 to 69,Gardner,Massachusetts,6,1,15,2056,2021-01-19,True,False,False,False,True,False,False,False,0.5,Medium
cd94c5d0-a196-4991-bdcc-6923d6590598,Oda Gerlach,female,89,85 plus,Holyoke,Massachusetts,6,3,27,6467,2008-12-22,False,False,False,True,False,False,True,False,0.75,High
b16cc087-d48a-4292-a78c-aba3e85e516e,Hassan Jacobi,male,61,55 to 69,Lawrence,Massachusetts,2,1,12,2136,2020-10-31,False,False,False,False,False,False,False,False,0.4,Medium
a92edacf-c0ab-4fc4-931f-033a8d4bf314,Nereida Rogahn,female,30,18 to 34,Fall River,Massachusetts,4,0,43,1995,2021-03-21,False,False,False,False,False,False,False,False,0.2,Low
d78af07c-9cb9-4f31-9b11-c45a28f2eec8,Clemente Kreiger,male,42,35 to 54,Wilmington,Massachusetts,1,1,3,2911,2018-09-17,False,False,False,False,False,False,False,False,0.1,Low
a539adfd-de8f-4cb5-bd45-a084b89be0e1,James West,female,9,0 to 17,Braintree Town,Massachusetts,3,0,16,2005,2021-03-11,False,False,False,False,False,False,False,False,0.2,Low
55b33527-6ab6-45b9-b181-25e08e3da8e4,Jordon Weimann,male,20,18 to 34,Boston,Massachusetts,6,0,21,2208,2020-08-20,False,False,False,False,False,False,False,False,0.2,Low
cf5f5ab6-3540-42ec-8c7c-c45f9f11ad2f,Sylvia Monahan,female,74,70 to 84,Marlborough,Massachusetts,7,3,24,4384,2014-09-05,True,False,False,False,True,False,False,False,0.85,High
bc1fe641-74ad-4eea-9f9b-5df10b94fc97,Mohamed Hermann,male,29,18 to 34,Wareham,Massachusetts,2,0,10,2721,2019-03-26,False,False,False,False,False,False,False,False,0.2,Low
9df87ee4-4ade-45c5-8601-910e8ff9db99,Beatrice Aufderhar,female,100,85 plus,Sterling,Massachusetts,6,2,21,4900,2013-04-07,False,False,False,False,False,False,False,False,0.6,Medium
bfe0a5d7-986b-46ed-b355-9ca232c4688e,Weston Fay,male,96,85 plus,Bridgewater,Massachusetts,5,2,15,2081,2020-12-25,False,False,False,False,False,False,False,False,0.6,Medium
4abd4e21-7776-47bd-91c8-36ee607c1398,Shasta Towne,female,30,18 to 34,Taunton,Massachusetts,5,0,23,2012,2021-03-04,False,False,False,False,False,False,False,False,0.2,Low
a6889c6d-6915-4fac-9d2f-fc6c42b3a82e,Buddy MacGyver,male,111,85 plus,West Springfield Town,Massachusetts,7,3,28,,1983-01-08,True,False,False,False,True,False,False,False,0.85,High
ba18818d-faef-44cd-9744-b12d8973d402,Adalberto Hartmann,male,76,70 to 84,Worcester,Massachusetts,13,3,22,1985,2021-03-31,True,False,False,True,True,False,True,False,0.85,High
d39173c2-7dc5-4a08-aba0-3f14f6b70d94,Adán Pulido,male,90,85 plus,Boston,Massachusetts,9,2,32,7103,2007-03-27,True,False,False,False,True,False,False,False,0.7,High
22d7a9b8-7756-4eb7-a95f-6e86e0c93761,María Luisa Razo,female,53,35 to 54,Lexington,Massachusetts,5,1,9,2223,2020-08-05,False,False,False,False,False,False,False,False,0.2,Low
bf3cb50a-d753-4ddc-ad83-839250edcba9,Angelita Howe,female,23,18 to 34,Medford,Massachusetts,11,0,96,2108,2020-11-28,False,False,False,False,False,False,False,False,0.2,Low
616eaeb2-a67a-44e5-a7e6-9bbd85e47c5c,Ned Hintz,male,32,18 to 34,Halifax,Massachusetts,3,1,6,2507,2019-10-26,False,False,False,False,False,False,False,False,0.2,Low
45a69bf0-7116-4f9f-a1d9-29700439b4a4,Jonah Ruecker,male,69,55 to 69,Middleborough,Massachusetts,5,2,15,6808,2008-01-16,False,False,False,False,False,False,False,False,0.5,Medium
0f49d2d0-59be-4f72-a22b-0a582367b44b,Michele Wolf,female,84,70 to 84,Yarmouth,Massachusetts,3,2,16,3808,2016-04-03,False,False,False,False,False,False,False,False,0.6,Medium
ee9f8dd8-72d2-4769-8020-89e504b1504b,Liz Conn,female,39,35 to 54,Beverly,Massachusetts,1,1,7,2942,2018-08-17,False,False,False,True,False,False,True,False,0.2,Low
d9427379-943a-42c1-b3d0-6b5056a12696,Stephen McLaughlin,male,47,35 to 54,Marlborough,Massachusetts,3,1,8,2028,2021-02-16,False,False,False,True,False,False,True,False,0.2,Low
fc5a70dc-3adf-4e0b-94b6-461f2d8c334f,Rusty Weimann,male,17,0 to 17,Brockton,Massachusetts,3,0,16,2224,2020-08-04,False,False,False,False,False,False,False,False,0.2,Low
1ae0605d-e5b8-4d6d-a96d-c93dcbd57e06,Luigi Wiegand,male,5,0 to 17,Quincy,Massachusetts,0,0,4,1986,2021-03-30,False,False,False,False,False,False,False,False,0.0,Low
4ab63f42-aa13-45cb-86bf-bdec7ea43fd2,Xuan Christiansen,female,26,18 to 34,Arlington,Massachusetts,2,0,15,2042,2021-02-02,False,False,False,False,False,False,False,False,0.2,Low
cf842278-01a7-4be1-8830-22d8ba5991b1,Judi Schamberger,female,19,18 to 34,Uxbridge,Massachusetts,3,0,29,1988,2021-03-28,False,False,False,False,False,False,False,False,0.2,Low
272539c2-e516-4f16-8f47-573923bf9924,Jorge Brekke,male,13,0 to 17,Norwood,Massachusetts,8,0,30,2127,2020-11-09,False,False,False,False,False,False,False,False,0.2,Low
274b7371-cb91-4b85-82a2-eabc4aa77779,Norbert Ferry,male,74,70 to 84,Holliston,Massachusetts,7,1,20,2249,2020-07-10,True,False,False,False,True,False,False,False,0.6,Medium
98ab6aa3-882b-4206-8a91-e9a8dfa69008,Rufus Kihn,male,49,35 to 54,Greenfield Town,Massachusetts,5,2,12,2173,2020-09-24,False,False,False,False,False,False,False,False,0.4,Medium
53ead9ff-9ae0-432f-a314-017550d0420c,Valentin Keeling,male,45,35 to 54,Worcester,Massachusetts,1,0,6,2113,2020-11-23,False,False,False,False,False,False,False,False,0.1,Low
d809375c-fef0-42fa-8529-603016123ea5,Natalia Ruelas,female,55,55 to 69,Rockland,Massachusetts,5,0,28,2029,2021-02-15,False,False,False,False,False,False,False,False,0.3,Low
51764196-d9e4-4713-86a5-7bdc6847bd01,Rudy Macejkovic,male,64,55 to 69,Barnstable Town,Massachusetts,10,0,23,2134,2020-11-02,False,False,False,False,False,False,False,False,0.3,Low
e2d08f86-4813-4f3a-971f-87c09e0ec0c7,Malcolm Dach,male,48,35 to 54,Newton,Massachusetts,3,0,7,2284,2020-06-05,False,False,False,False,False,False,False,False,0.1,Low
c931bf62-c468-49f1-9ef7-93ccbc949a87,Jermaine Breitenberg,male,52,35 to 54,New Bedford,Massachusetts,6,2,11,2395,2020-02-15,False,False,False,True,False,False,True,False,0.4,Medium
4e9ac5eb-f87d-4c8d-80d0-07d9a01c94d1,Israel Sanford,male,61,55 to 69,Northbridge,Massachusetts,2,0,11,2231,2020-07-28,False,False,False,False,False,False,False,False,0.3,Low
d4dd52b4-152b-4748-9abd-6cc91a9e2be1,Robby Becker,male,52,35 to 54,Rockland,Massachusetts,7,3,34,2381,2020-02-29,True,False,False,True,True,False,True,False,0.65,High
76e3464d-4f85-4cbf-af90-0866063056cc,Marc Corkery,male,49,35 to 54,Millbury,Massachusetts,4,1,18,2035,2021-02-09,False,False,False,False,False,False,False,False,0.3,Low
f46d1649-8a02-4de8-8cff-f76fae267d3a,Trey Berge,male,113,85 plus,Georgetown,Massachusetts,10,4,21,2071,2021-01-04,False,False,False,True,False,False,True,False,0.75,High
f1f26587-7199-4c0f-880d-d9cd0799ac15,Royal DuBuque,male,29,18 to 34,Cambridge,Massachusetts,3,2,9,2620,2019-07-05,False,False,False,True,False,False,True,False,0.3,Low
3d6cdb4d-8387-4e3d-97ca-f01c30122329,Preston Cummerata,male,18,18 to 34,Foxborough,Massachusetts,8,0,24,2287,2020-06-02,False,False,False,False,False,False,False,False,0.2,Low
79c96478-7878-4703-9e94-b999f2bc3295,Tony Douglas,male,54,35 to 54,Medford,Massachusetts,7,2,16,2231,2020-07-28,False,False,False,True,False,False,True,False,0.4,Medium
8a6f7e61-55dc-4dc3-bf12-b3531b690b05,Versie Botsford,female,8,0 to 17,Ayer,Massachusetts,5,0,19,2019,2021-02-25,False,False,False,False,False,False,False,False,0.2,Low
f70bdfe3-5925-4ab5-bf9b-6369d2004eeb,Randolph Wisoky,male,66,55 to 69,Hanson,Massachusetts,6,0,39,7419,2006-05-15,False,False,False,False,False,False,False,False,0.3,Low
2c4e4abf-b81d-4791-9046-7cdff816061f,Sandi Gerlach,female,72,70 to 84,Boston,Massachusetts,6,1,16,2328,2020-04-22,True,False,False,False,True,False,False,False,0.6,Medium
f03992c7-caa3-4534-9776-8e83259bb98e,Suzan Sanford,female,62,55 to 69,Newton,Massachusetts,12,2,28,1992,2021-03-24,False,False,False,True,False,False,True,False,0.5,Medium
fdc61ab3-9be9-412c-b470-dfa65cb5e6e6,Joie Morissette,female,51,35 to 54,Yarmouth,Massachusetts,3,0,8,2256,2020-07-03,False,False,False,False,False,False,False,False,0.1,Low
f2012e2f-8631-476e-94a8-57ec2ae01d2e,Zula Beer,female,75,70 to 84,Northampton,Massachusetts,7,1,18,2205,2020-08-23,True,False,False,False,True,False,False,False,0.6,Medium
31e064cb-7fff-42ba-b8be-f56531f4eb1f,Pierre Bosco,male,58,55 to 69,Adams,Massachusetts,8,2,19,2004,2021-03-12,False,False,False,False,False,False,False,False,0.5,Medium
6d6dfbdb-0a26-45c9-95f3-5c30ae39c2cd,Leonardo Heaney,male,59,55 to 69,Hingham,Massachusetts,4,2,15,2038,2021-02-06,False,False,False,True,False,False,True,False,0.5,Medium
7e8fa5f4-2b82-42f4-ac84-546a11500bf5,Michal Collier,male,20,18 to 34,East Bridgewater,Massachusetts,4,0,16,2003,2021-03-13,False,False,False,False,False,False,False,False,0.2,Low
3f76db0e-4f33-4ded-b815-1500f47618f4,Tyrell Kuphal,male,20,18 to 34,Lakeville,Massachusetts,2,0,12,2000,2021-03-16,False,False,False,False,False,False,False,False,0.2,Low
a656ed17-26cc-47cb-981e-22207719cc22,Jackson Bode,male,24,18 to 34,Worcester,Massachusetts,3,0,15,2205,2020-08-23,False,False,False,False,False,False,False,False,0.2,Low
bae2bf00-eca1-47fb-bb43-272f8de1449c,Louis Maggio,male,50,35 to 54,Milford,Massachusetts,12,3,13,2071,2021-01-04,True,False,False,False,True,False,False,False,0.65,High
ad5f593e-8dc6-41f9-b458-74843e268431,Mitch Leannon,male,71,70 to 84,Springfield,Massachusetts,14,0,27,,1976-07-13,False,False,False,False,False,False,False,False,0.4,Medium
15e2659f-d069-4b26-8a61-9bd62694d8e0,Sharmaine Yost,female,84,70 to 84,Dennis,Massachusetts,5,1,40,2193,2020-09-04,False,False,False,False,False,False,False,False,0.5,Medium
620346f3-d278-44c7-85c1-0d24ab1f7ca3,Mary Lind,male,10,0 to 17,Athol,Massachusetts,1,0,14,2333,2020-04-17,False,False,False,False,False,False,False,False,0.2,Low
75846ad8-d173-4824-b414-f4d15f0963a3,Kizzie Bode,female,20,18 to 34,West Brookfield,Massachusetts,4,0,14,2007,2021-03-09,False,False,False,False,False,False,False,False,0.2,Low
806be451-d26f-436c-829c-9da92bde28f0,Rudolf Weber,male,38,35 to 54,Westford,Massachusetts,7,1,11,2167,2020-09-30,True,False,False,False,True,False,False,False,0.4,Medium
be23efb3-8311-4cb1-aa2e-a7bc9958f442,Osvaldo Graham,male,44,35 to 54,Cambridge,Massachusetts,4,1,9,2423,2020-01-18,False,False,False,False,False,False,False,False,0.2,Low
7a1d7980-05d3-48ab-a3eb-48ac40a5db6d,Moises Rohan,male,7,0 to 17,Milton,Massachusetts,4,0,16,2023,2021-02-21,False,False,False,False,False,False,False,False,0.2,Low
d5457ac9-b89e-4b36-9632-568eec511981,Robbin Gutmann,female,46,35 to 54,Mendon,Massachusetts,11,0,40,2463,2019-12-09,False,False,False,False,False,False,False,False,0.2,Low
b3166d04-e777-4bbf-97fb-b1f0b49ec35d,Janene Lind,female,19,18 to 34,Dennis,Massachusetts,5,0,16,2037,2021-02-07,False,False,False,False,False,False,False,False,0.2,Low
e3fe3889-3e2c-4285-a923-448be93a8e73,Wiley Wisoky,male,54,35 to 54,Brookline,Massachusetts,4,1,9,2327,2020-04-23,False,False,False,False,False,False,False,False,0.2,Low
ebb1f0e2-4fa6-4889-a43b-9cda3c737078,Jessi Parisian,female,38,35 to 54,Burlington,Massachusetts,15,3,38,2334,2020-04-16,True,False,False,False,True,False,False,False,0.65,High
33fe8be3-339f-4c63-904e-101edba71ab5,Norine Bruen,female,46,35 to 54,Easton,Massachusetts,9,1,58,2199,2020-08-29,False,False,False,True,False,False,True,False,0.3,Low
8008b382-91cc-468f-95e5-7d6982b7ebb9,Max Dicki,male,83,70 to 84,Walpole,Massachusetts,6,1,17,2021,2021-02-23,False,False,False,False,False,False,False,False,0.5,Medium
71a8a403-9ec4-4677-96f6-5a1f53c89da0,Lavelle Kuvalis,female,84,70 to 84,Pittsfield,Massachusetts,7,2,19,2208,2020-08-20,False,False,False,True,False,False,True,False,0.6,Medium
5b6f6c39-f3ac-443a-859b-9ace3335e4a8,Karl Schowalter,male,87,85 plus,Boston,Massachusetts,12,2,56,9893,1999-08-06,False,False,False,False,False,False,False,False,0.6,Medium
58f620b1-910c-41b8-81cf-f8c7afd828b6,Karena Pfeffer,female,31,18 to 34,Shrewsbury,Massachusetts,8,1,26,2147,2020-10-20,False,False,False,True,False,False,True,False,0.3,Low
563460b4-b997-4772-a548-a9f877eb4c12,Lemuel Hodkiewicz,male,37,35 to 54,Athol,Massachusetts,4,1,8,2074,2021-01-01,False,False,False,True,False,False,True,False,0.2,Low
4551370c-c3eb-4164-a2ff-b528f73a4e0f,Octavio Dickens,male,29,18 to 34,Northampton,Massachusetts,2,0,56,2435,2020-01-06,False,False,False,False,False,False,False,False,0.2,Low
523ce6ff-60bd-4d69-a8b4-9770f0e8e9f7,Ossie Rodriguez,female,11,0 to 17,Ware,Massachusetts,4,0,22,2114,2020-11-22,False,False,False,False,False,False,False,False,0.2,Low
3afaeb2a-9f18-40b5-8fe7-dfd882de2f2b,Jordan Cruickshank,female,61,55 to 69,Holyoke,Massachusetts,7,1,19,2106,2020-11-30,True,False,False,False,True,False,False,False,0.5,Medium
0cd536b8-674b-4bae-b0b0-181400ffc022,Roma Funk,female,14,0 to 17,Springfield,Massachusetts,6,0,26,2023,2021-02-21,False,False,False,False,False,False,False,False,0.2,Low
082fd114-0415-4ce4-8293-0caebb0fe9de,Willy Koepp,male,49,35 to 54,Dedham,Massachusetts,6,0,10,2635,2019-06-20,False,False,False,False,False,False,False,False,0.2,Low
7e286375-20a8-4909-a874-1c5e0eb8e765,Lee Hegmann,male,75,70 to 84,Stoughton,Massachusetts,6,2,18,2092,2020-12-14,False,False,False,False,False,False,False,False,0.6,Medium
31052ccc-7804-4268-b953-741322eed47e,Lupe Little,male,44,35 to 54,Falmouth,Massachusetts,6,1,8,2196,2020-09-01,True,False,False,False,True,False,False,False,0.3,Low
99135849-9d98-4ff4-9d2f-2c4bb5ea8e9d,José María Casares,male,52,35 to 54,Millis,Massachusetts,6,2,11,2235,2020-07-24,False,False,False,True,False,False,True,False,0.4,Medium
32342551-fcab-4a4f-bbcd-1e4bc156d781,Shavonne Schaefer,female,7,0 to 17,Boston,Massachusetts,0,0,9,2050,2021-01-25,False,False,False,False,False,False,False,False,0.1,Low
76d2fa2d-66a6-4823-8dab-52cd70822844,Reyna Ziemann,female,52,35 to 54,Raynham,Massachusetts,9,3,23,2293,2020-05-27,True,False,False,True,True,False,True,False,0.65,High
195bd73c-1ef3-400d-9269-a0d9042afafe,Judson Eichmann,male,44,35 to 54,Boston,Massachusetts,5,1,14,2026,2021-02-18,False,False,False,False,False,False,False,False,0.3,Low
76703553-5395-4580-b903-b91220ba5872,Odilia Feeney,female,30,18 to 34,Topsfield,Massachusetts,7,0,21,2278,2020-06-11,False,False,False,False,False,False,False,False,0.2,Low
f02ede18-83f8-4ac9-b9e3-c27754c10e8e,Marion Wintheiser,male,71,70 to 84,Springfield,Massachusetts,9,1,20,4219,2015-02-17,False,False,False,True,False,False,True,False,0.5,Medium
924d8c31-3972-475d-b486-821d4d4c8d59,Lyle Baumbach,male,75,70 to 84,Easthampton Town,Massachusetts,10,1,13,,1991-11-04,False,False,False,True,False,False,True,False,0.5,Medium
5fbee500-9b99-4dad-bce4-0a4de9f9f3b9,Marsha Hayes,female,46,35 to 54,Newton,Massachusetts,8,0,35,2032,2021-02-12,False,False,False,False,False,False,False,False,0.2,Low
835a3b08-e3b6-49c4-a23f-1fac8dc7a7a7,Kirsten Witting,female,78,70 to 84,Quincy,Massachusetts,9,2,19,2343,2020-04-07,True,False,True,True,True,False,True,True,0.7,High
110396c2-823b-4e1e-bd4a-2d7df214cd8b,Micaela Romero,female,32,18 to 34,Chelsea,Massachusetts,10,0,40,2318,2020-05-02,False,False,False,False,False,False,False,False,0.2,Low
eed9a33b-24f1-4570-9b72-b18622b85098,Xavier Lueilwitz,male,51,35 to 54,Newton,Massachusetts,4,0,7,2439,2020-01-02,False,False,False,False,False,False,False,False,0.1,Low
fa13bf47-8c74-40dd-a976-94deeada0e17,Tobie Rempel,female,92,85 plus,Chicopee,Massachusetts,13,2,35,7495,2006-02-28,False,False,False,False,False,False,False,False,0.6,Medium
25477ae6-0c1e-428f-8814-f80acc4d2bcb,Stan Steuber,male,57,55 to 69,Freetown,Massachusetts,8,2,18,2072,2021-01-03,False,False,False,False,False,False,False,False,0.5,Medium
f39b0478-5d39-41ba-a0e7-1c5dd6987af9,Yi Weissnat,female,23,18 to 34,Cambridge,Massachusetts,3,0,14,2345,2020-04-05,False,False,False,False,False,False,False,False,0.2,Low
c36d05b1-36eb-4faa-809e-832002f431a7,Malik Ward,male,69,55 to 69,Fall River,Massachusetts,5,2,20,2251,2020-07-08,False,False,False,False,False,False,False,False,0.5,Medium
fa8cdd1f-d2d8-476c-9247-b279dddd595d,Junita Labadie,female,6,0 to 17,Reading,Massachusetts,2,0,10,1985,2021-03-31,False,False,False,False,False,False,False,False,0.2,Low
25603bc3-a2e8-4208-8375-3d2162a005fe,Max Kris,male,106,85 plus,Chicopee,Massachusetts,8,3,19,8527,2003-05-03,False,False,False,True,False,False,True,False,0.75,High
6099858f-4c54-4c3e-a3f3-01e678457cc0,Stanley Balistreri,male,34,18 to 34,Springfield,Massachusetts,3,0,7,2250,2020-07-09,False,False,False,False,False,False,False,False,0.1,Low
91c91ff0-b32f-45e0-b921-54c84ff40a1d,Nelida Gislason,female,77,70 to 84,Quincy,Massachusetts,12,3,50,2203,2020-08-25,False,False,False,True,False,False,True,False,0.75,High
7461384e-130e-4fb8-a4ba-c0c80fee3f7a,Janine Purdy,female,48,35 to 54,Boston,Massachusetts,11,1,37,1991,2021-03-25,False,False,False,True,False,False,True,False,0.3,Low
eecd5395-d638-4b9d-bb79-2d10a475459d,Sydney Oberbrunner,male,115,85 plus,Reading,Massachusetts,7,1,22,9792,1999-11-15,True,False,False,False,True,False,False,False,0.6,Medium
51a34344-0cae-44ac-94ef-8d46bce612dc,Thanh Considine,male,55,55 to 69,Melrose,Massachusetts,10,3,16,2101,2020-12-05,False,False,False,True,False,False,True,False,0.65,High
5c79bba4-62e4-46f5-862e-0a84a364dd33,Libbie Shields,female,72,70 to 84,Quincy,Massachusetts,6,1,20,2070,2021-01-05,True,False,False,False,True,False,False,False,0.6,Medium
3e757f52-60a6-49c0-972c-c9339605a836,Trent Donnelly,male,10,0 to 17,Lawrence,Massachusetts,1,0,14,2225,2020-08-03,False,False,False,False,False,False,False,False,0.2,Low
b91edab6-1db2-46e5-b074-d089e6fb5626,Tasha Miller,female,88,85 plus,Boston,Massachusetts,9,2,26,6772,2008-02-21,True,False,False,False,True,False,False,False,0.7,High
9d0ca735-9ba6-451a-9a6c-9d356fd7150e,Violet Gerhold,female,9,0 to 17,Chelmsford,Massachusetts,1,0,15,2045,2021-01-30,False,False,False,False,False,False,False,False,0.2,Low
7b9146b3-8b1b-4cf9-af36-530d8c4fcf05,Theola Stoltenberg,female,19,18 to 34,Taunton,Massachusetts,2,0,14,2116,2020-11-20,False,False,False,False,False,False,False,False,0.2,Low
8adf7251-257f-4b45-8ef5-0a6b3b9fe0ef,Milan Beatty,male,52,35 to 54,Gloucester,Massachusetts,5,2,15,2192,2020-09-05,True,False,False,False,True,False,False,False,0.5,Medium
af62299e-c617-433e-a736-1470772d921f,Lenard Dibbert,male,53,35 to 54,Lynn,Massachusetts,7,2,13,2567,2019-08-27,False,False,False,True,False,False,True,False,0.4,Medium
6b223f89-e726-44da-81ad-03d30fc61254,Lea Connelly,female,79,70 to 84,Lynn,Massachusetts,6,3,52,2020,2021-02-24,False,False,False,False,False,False,False,False,0.75,High
b465d605-3571-49bc-9c06-e3e23f45cb50,Keira Huel,female,100,85 plus,Sterling,Massachusetts,16,1,45,8456,2003-07-13,True,False,False,False,True,False,False,False,0.6,Medium
203dd3d9-adaf-44bd-b2ac-b7b2fa9ae1f4,Sabra Hahn,female,82,70 to 84,Milton,Massachusetts,8,2,23,2142,2020-10-25,True,False,False,False,True,False,False,False,0.7,High
c62c4edb-9793-47c7-9706-8bdfc30a91ad,Maurice Mohr,female,22,18 to 34,Uxbridge,Massachusetts,4,0,20,2018,2021-02-26,False,False,False,False,False,False,False,False,0.2,Low
64cee79e-2414-482a-94e7-e7223936f904,Rodrigo Mesa,male,73,70 to 84,Waltham,Massachusetts,6,1,15,2107,2020-11-29,True,False,False,False,True,False,False,False,0.6,Medium
1299e4b5-bed9-4574-9233-ddfeb48d5c42,Kathe Zieme,female,58,55 to 69,Barnstable Town,Massachusetts,14,2,32,2111,2020-11-25,True,False,False,True,True,False,True,False,0.6,Medium
02f19698-ca4a-4a67-b343-0819ff6fce66,Vida Schultz,female,102,85 plus,Weston,Massachusetts,6,3,51,7197,2006-12-23,True,False,False,False,True,False,False,False,0.85,High
61743a71-05b3-455d-802f-c379ffc65b40,Norma Pagan,female,25,18 to 34,Boston,Massachusetts,7,0,24,1991,2021-03-25,False,False,False,False,False,False,False,False,0.2,Low
fe511514-cff6-4951-8b42-a9ecb773170f,Julietta Ondricka,female,29,18 to 34,Westford,Massachusetts,9,0,30,2547,2019-09-16,False,False,False,False,False,False,False,False,0.2,Low
ca3d7b05-f954-4490-a2fd-6905ca5a9a26,Jarred Stracke,male,111,85 plus,West Springfield Town,Massachusetts,15,2,51,5202,2012-06-09,True,False,False,False,True,False,False,False,0.7,High
75a4631d-2cd8-4c77-afb6-740bad394ea1,Tristan Gleason,male,75,70 to 84,Worcester,Massachusetts,13,5,28,6597,2008-08-14,True,False,False,False,True,False,False,False,0.85,High
d4b7793b-d7f8-4621-93df-1269712bd566,Kirby Cummerata,female,32,18 to 34,Boston,Massachusetts,9,0,47,2193,2020-09-04,False,False,False,False,False,False,False,False,0.2,Low
6c66913a-080e-42b7-ad79-b27dcab53e85,Tyrell Towne,male,21,18 to 34,Boston,Massachusetts,6,0,70,1988,2021-03-28,False,False,False,False,False,False,False,False,0.2,Low
0c15e136-827d-4d70-a5b1-a63bf159b31c,Loma Johns,female,100,85 plus,Sterling,Massachusetts,7,3,21,7204,2006-12-16,False,False,False,False,False,False,False,False,0.75,High
cd3f83d7-5cf6-4722-b468-e8c2ddeccabc,Marcelina Hyatt,female,23,18 to 34,Boston,Massachusetts,6,1,84,2174,2020-09-23,False,False,False,False,False,False,False,False,0.3,Low
718413e0-9b98-4c34-9575-fdb4e5179738,Stephenie Schowalter,female,38,35 to 54,Raynham,Massachusetts,9,1,52,1994,2021-03-22,False,False,False,True,False,False,True,False,0.3,Low
9184e31a-a2b3-4b8d-9032-d5377cabaa08,Sherron Kutch,female,15,0 to 17,Cambridge,Massachusetts,4,1,28,2070,2021-01-05,False,False,False,False,False,False,False,False,0.3,Low
5654564d-5ae1-407c-8bcc-e7f96f773633,Reuben Lind,male,52,35 to 54,Chicopee,Massachusetts,8,2,13,2396,2020-02-14,True,False,False,True,True,False,True,False,0.5,Medium
b3e91d87-e3a1-47f4-88ff-7013fd4a6a93,Manuel Benavides,male,24,18 to 34,Reading,Massachusetts,2,0,12,2278,2020-06-11,False,False,False,False,False,False,False,False,0.2,Low
f26c357d-6c69-401f-a505-0413901cb401,Trent Jaskolski,male,34,18 to 34,Tyngsborough,Massachusetts,10,1,15,2141,2020-10-26,False,False,False,True,False,False,True,False,0.3,Low
e86e9cae-89a3-44bf-9033-32a2d56f5113,Tracey Witting,male,88,85 plus,New Bedford,Massachusetts,17,3,72,2892,2018-10-06,True,False,False,True,True,False,True,False,0.85,High
e78851aa-0fe0-48bf-9a66-510d6b46386e,Sang Luettgen,female,63,55 to 69,Templeton,Massachusetts,8,1,41,2313,2020-05-07,False,False,False,False,False,False,False,False,0.4,Medium
437ea3a5-f3b6-4cec-8bb3-a426da296edd,Rory Schulist,female,67,55 to 69,Chicopee,Massachusetts,5,1,17,2346,2020-04-04,True,False,False,False,True,False,False,False,0.5,Medium
d4456fef-9f85-47c6-81c3-1dc1c2924326,Miguel Garibay,male,89,85 plus,Billerica,Massachusetts,9,2,90,6100,2009-12-24,False,False,False,False,False,False,False,False,0.6,Medium
feb67a40-0da5-4855-a7b2-2b5e11f48c5f,Nona Kris,female,102,85 plus,Weston,Massachusetts,14,1,28,,1996-10-28,True,False,True,False,True,False,False,True,0.6,Medium
f3721a5a-dfae-4933-b2fd-b001210c6b3b,Jenna Hagenes,female,33,18 to 34,Boston,Massachusetts,10,2,40,2089,2020-12-17,True,False,False,True,True,False,True,False,0.5,Medium
6a73c7dc-a64f-4a20-940e-f8f191525088,Veta Nitzsche,female,55,55 to 69,Westfield,Massachusetts,3,0,19,2132,2020-11-04,False,False,False,False,False,False,False,False,0.3,Low
fe0153b2-d2ce-418e-af79-5b84587ad82c,Trey Leffler,male,69,55 to 69,Norwood,Massachusetts,6,1,20,2183,2020-09-14,True,False,False,False,True,False,False,False,0.5,Medium
31055311-1cd4-432e-b864-07f395956526,Olen Kulas,male,71,70 to 84,Rockland,Massachusetts,13,2,63,4267,2014-12-31,True,False,False,False,True,False,False,False,0.7,High
a4fbfefa-4eee-4963-9f29-247fa46e1410,Yaeko Haley,female,26,18 to 34,Lynn,Massachusetts,9,0,51,2380,2020-03-01,False,False,False,False,False,False,False,False,0.2,Low
beaf00da-c197-4e72-8b27-7ee1131348f1,Matt Mosciski,male,32,18 to 34,New Bedford,Massachusetts,8,1,12,2605,2019-07-20,True,False,False,False,True,False,False,False,0.4,Medium
7c483976-15af-49ce-97ad-81a13cf5f303,Isaura Dietrich,female,102,85 plus,Weston,Massachusetts,8,5,26,6467,2008-12-22,True,False,False,True,True,False,True,False,0.85,High
ff9840e8-5f06-4672-90c4-6506856b3d20,Vicenta Maggio,female,102,85 plus,Weston,Massachusetts,10,3,26,8837,2002-06-27,False,False,False,False,False,False,False,False,0.75,High
618b2992-eec7-45c9-8544-12c9f586b78c,Jesus Smitham,male,73,70 to 84,Chicopee,Massachusetts,11,3,39,1988,2021-03-28,True,False,False,True,True,False,True,False,0.85,High
457ad729-544f-4ed6-9eb4-20a2152a3687,Jena Terry,female,102,85 plus,Weston,Massachusetts,11,4,32,,1978-01-09,False,False,False,True,False,False,True,False,0.75,High
ae6225ec-c4c0-400f-bbcd-4aba181be869,Margarita Montalvo,female,26,18 to 34,Woburn,Massachusetts,4,2,28,2578,2019-08-16,False,False,False,True,False,False,True,False,0.4,Medium
bb9a9324-aefe-4ff7-9535-ec6795de8aaa,Tiera Boyle,female,68,55 to 69,Somerville,Massachusetts,9,3,25,1995,2021-03-21,True,False,False,False,True,False,False,False,0.75,High
f813f3a1-2f4e-4e4c-a0ee-3d5dc5286ae8,Jules Marks,male,31,18 to 34,Winthrop Town,Massachusetts,5,1,10,1986,2021-03-30,False,False,False,True,False,False,True,False,0.3,Low
ec6a274e-5090-45c9-b153-e40418f6fa3d,Parker Casper,male,74,70 to 84,North Andover,Massachusetts,15,7,24,2025,2021-02-19,True,False,False,True,True,False,True,False,0.85,High
f7ae627c-3c71-41fe-b8c0-d3d9c336d449,Latosha Gleichner,female,22,18 to 34,Pittsfield,Massachusetts,7,0,19,1999,2021-03-17,False,False,False,False,False,False,False,False,0.2,Low
0b896820-f478-4e9c-a456-acc676cf5640,Terrance Hahn,male,68,55 to 69,Salem,Massachusetts,5,0,20,,1966-01-03,False,False,False,False,False,False,False,False,0.3,Low
cccb981f-2a12-44d0-b1dd-5404ece3f535,Wendell Lesch,male,88,85 plus,New Bedford,Massachusetts,18,2,117,3053,2018-04-28,True,False,False,False,True,False,False,False,0.7,High
7f445dad-0907-4a3e-81a5-ad75ecdff752,Leonel Hand,male,62,55 to 69,Belmont,Massachusetts,8,2,19,2063,2021-01-12,True,False,False,False,True,False,False,False,0.6,Medium
f194782e-be98-4311-96a9-ce8a2ea03313,Lamont Emard,male,94,85 plus,Reading,Massachusetts,11,2,28,5386,2011-12-08,True,False,False,False,True,False,False,False,0.7,High
340044b6-332e-4cac-a95c-f0efe95fc105,Nicholle Crist,female,23,18 to 34,Boston,Massachusetts,2,0,16,1986,2021-03-30,False,False,False,False,False,False,False,False,0.2,Low
38826a3f-8e5c-4846-95c3-7f12a233447d,Kim Bartoletti,male,26,18 to 34,Lynn,Massachusetts,8,1,18,2538,2019-09-25,False,False,False,True,False,False,True,False,0.3,Low
97b86776-fa4e-46dc-b9a4-52c269e73da9,Marguerita Reilly,female,38,35 to 54,East Longmeadow,Massachusetts,11,2,65,2132,2020-11-04,True,False,False,True,True,False,True,False,0.5,Medium
77f70af5-b53b-4e55-a122-8cd68784c258,Setsuko Stanton,female,36,35 to 54,Melrose,Massachusetts,7,1,35,2139,2020-10-28,False,False,False,True,False,False,True,False,0.3,Low
6fed515d-df89-45cf-ac5a-a149a42c7b1d,Sina Yundt,female,89,85 plus,Wareham,Massachusetts,8,1,20,2327,2020-04-23,False,False,False,False,False,False,False,False,0.5,Medium
f9fec38b-3c52-45de-bf48-53d5a993ce98,Kristopher Upton,male,106,85 plus,Chicopee,Massachusetts,10,2,24,,1979-12-29,False,False,True,False,False,False,False,True,0.6,Medium
43f7ec4b-8cb9-4869-bc49-01b7c80ab49f,Joseph Goodwin,male,74,70 to 84,Boston,Massachusetts,5,1,16,2343,2020-04-07,True,False,False,False,True,False,False,False,0.6,Medium
672ea8a4-b75b-4553-ac34-2f0f6b4e30cf,Maurice Bruen,male,115,85 plus,Reading,Massachusetts,10,5,52,6738,2008-03-26,True,False,False,True,True,False,True,False,0.85,High
c92b99e8-0e77-4358-99bb-4b87d4f30bbe,Miguel Ángel Garica,male,90,85 plus,Boston,Massachusetts,10,2,24,2665,2019-05-21,True,False,False,False,True,False,False,False,0.7,High
7e1885c2-cb03-4883-8ce3-2e62c39257f3,Louis Ullrich,male,24,18 to 34,Yarmouth,Massachusetts,9,0,22,2276,2020-06-13,False,False,False,False,False,False,False,False,0.2,Low
beaf0c3d-bcd4-4155-8a7b-f493bdc8f9fe,Martina Murazik,female,73,70 to 84,Framingham,Massachusetts,7,1,21,2094,2020-12-12,False,False,False,False,False,False,False,False,0.5,Medium
7217c081-64cf-4e6c-b023-05c2e2dcf50c,Thanh Mosciski,female,73,70 to 84,Brookline,Massachusetts,14,2,66,2020,2021-02-24,False,False,False,False,False,False,False,False,0.6,Medium
ac2c231f-86d3-43e0-ab69-7527cbd8ac05,Roberto Graham,male,105,85 plus,Westwood,Massachusetts,9,4,30,,1987-10-17,False,False,False,True,False,False,True,False,0.75,High
d421c808-2605-41a4-9aaf-9d786528dc13,Paris Casper,male,54,35 to 54,Adams,Massachusetts,3,1,7,2166,2020-10-01,False,False,False,False,False,False,False,False,0.2,Low
dd2c219c-59dc-481c-bbcc-cc16744c2a18,Rickey Becker,male,39,35 to 54,Boston,Massachusetts,9,1,17,2237,2020-07-22,False,False,False,False,False,False,False,False,0.3,Low
148f10e1-2182-4297-ac1f-39bb9eca6f1a,Patria Schimmel,female,52,35 to 54,Pembroke,Massachusetts,8,2,14,2630,2019-06-25,True,False,False,False,True,False,False,False,0.5,Medium
54d0aacd-9b70-4a62-91ac-af86c9408ae8,Oswaldo Mante,male,71,70 to 84,Rockland,Massachusetts,11,3,92,2123,2020-11-13,False,False,False,True,False,False,True,False,0.75,High
9e2e28b1-1db8-489f-a5d4-3d7e6b2b3a0c,Jonelle Kohler,female,60,55 to 69,Springfield,Massachusetts,11,3,43,2042,2021-02-02,True,False,False,True,True,False,True,False,0.75,High
2d526118-fb1d-44c0-9b0b-b8f6d4f2b4fb,Jacob King,male,111,85 plus,West Springfield Town,Massachusetts,16,5,100,8058,2004-08-14,True,False,False,False,True,False,False,False,0.85,High
58c580cc-9bc9-4569-a51a-76db00935627,Lauren Witting,female,61,55 to 69,Boxford,Massachusetts,8,2,28,2084,2020-12-22,False,False,False,True,False,False,True,False,0.5,Medium
0d1d30da-56ac-46ab-887e-5f0699593059,Murray Hane,male,106,85 plus,Chicopee,Massachusetts,14,4,32,7611,2005-11-04,True,False,False,False,True,False,False,False,0.85,High
3a44aee2-523a-4e97-8f47-bd07c4926590,Shin Walker,female,36,35 to 54,Plymouth,Massachusetts,15,0,64,1986,2021-03-30,False,False,False,False,False,False,False,False,0.2,Low
eba03315-2043-442b-80a8-a4d8d265ac99,Man Schamberger,male,77,70 to 84,Grafton,Massachusetts,9,1,26,2126,2020-11-10,False,False,False,True,False,False,True,False,0.5,Medium
e4d83502-457f-43e8-8682-10a2a965dc42,Tai Bailey,female,101,85 plus,Boston,Massachusetts,11,3,56,8173,2004-04-21,True,False,False,True,True,False,True,False,0.85,High
c7792da2-a72f-4c0a-9dd8-05c5809008f1,Mathilda O'Keefe,female,20,18 to 34,Needham,Massachusetts,5,1,28,2134,2020-11-02,False,False,False,False,False,False,False,False,0.3,Low
f341c771-5aff-4858-9406-9d45e8a56246,Jill Tillman,female,55,55 to 69,Boston,Massachusetts,5,1,28,2044,2021-01-31,False,False,False,False,False,False,False,False,0.4,Medium
720b9118-3153-40c8-b162-cd963506be0e,Micah Schinner,male,66,55 to 69,Hanson,Massachusetts,5,1,26,2106,2020-11-30,False,False,False,False,False,False,False,False,0.4,Medium
90f63176-64bb-46e3-a1c4-73a3968648aa,Leatrice McCullough,female,61,55 to 69,Longmeadow,Massachusetts,5,0,21,,1971-05-18,False,False,False,False,False,False,False,False,0.3,Low
f28c99ef-9e43-430e-8c8f-59ce317a0ea3,Melony Williamson,female,46,35 to 54,Freetown,Massachusetts,10,2,48,1997,2021-03-19,False,False,False,True,False,False,True,False,0.4,Medium
0e61c3ad-d11e-4080-a6aa-cac89cae4e37,Isaiah Schaden,male,73,70 to 84,Plympton,Massachusetts,20,7,50,2180,2020-09-17,True,True,False,True,True,True,True,False,0.85,High
e9bbdf84-9348-4078-afba-6bb6e0b89d4b,Seymour Kessler,male,20,18 to 34,Lynn,Massachusetts,7,1,35,2079,2020-12-27,False,False,False,False,False,False,False,False,0.3,Low
d483a480-4a42-428c-bf9b-fdbaddf78e21,Leonor Trujillo,female,66,55 to 69,Boston,Massachusetts,7,3,17,2001,2021-03-15,True,False,False,False,True,False,False,False,0.75,High
6f5557bb-1c8b-438a-a774-06a5cdf8cbab,Karla Kessler,female,33,18 to 34,Newton,Massachusetts,9,0,34,1985,2021-03-31,False,False,False,False,False,False,False,False,0.2,Low
138d4e0c-e3d3-460d-bead-7d0b2f86f33c,Meg Toy,female,42,35 to 54,New Bedford,Massachusetts,14,1,90,2231,2020-07-28,False,False,False,True,False,False,True,False,0.3,Low
f4a43e80-27e8-4581-95cb-9f3b115661c8,Sterling Rohan,male,66,55 to 69,Fall River,Massachusetts,4,1,16,2286,2020-06-03,False,False,False,False,False,False,False,False,0.4,Medium
d4cdc6d2-f3f1-48c0-96d6-b64b68d79eb9,Reginald Auer,male,85,85 plus,Pepperell,Massachusetts,12,3,22,4941,2013-02-25,True,False,False,True,True,False,True,False,0.85,High
91febabe-8992-49e1-8288-e34c393e98b9,Mayte Rodríguez,female,82,70 to 84,North Reading,Massachusetts,6,3,43,6327,2009-05-11,True,False,False,False,True,False,False,False,0.85,High
09013bed-6d2e-4f0a-9a2c-0c0a69b9e839,Lisbeth Donnelly,female,23,18 to 34,Leominster,Massachusetts,2,0,12,2045,2021-01-30,False,False,False,False,False,False,False,False,0.2,Low
8364ff74-d904-442b-b984-f9d640531639,Tamiko Leffler,female,62,55 to 69,Webster,Massachusetts,7,3,18,2040,2021-02-04,True,False,False,False,True,False,False,False,0.75,High
9535d7d4-3398-488d-83ea-ff3b7a2eddbf,Julio Ulibarri,male,77,70 to 84,Milton,Massachusetts,9,5,34,3790,2016-04-21,True,False,False,True,True,False,True,False,0.85,High
dba1d054-cce0-4fd8-94e3-9ee867667cfe,Jannet Davis,female,73,70 to 84,Rehoboth,Massachusetts,4,1,18,2217,2020-08-11,False,False,False,False,False,False,False,False,0.5,Medium
3190019b-9001-4e31-a3c4-380b12b8002a,Wilson Marks,male,50,35 to 54,Brookline,Massachusetts,4,1,10,2005,2021-03-11,False,False,False,False,False,False,False,False,0.3,Low
fa502084-b7b5-489d-be55-796f87193372,Sofia Koepp,female,51,35 to 54,Boston,Massachusetts,7,0,23,2171,2020-09-26,False,False,False,False,False,False,False,False,0.2,Low
b13bd1f1-78c4-4cbe-b611-3bedd3bb796b,Jene Cummings,female,37,35 to 54,Boston,Massachusetts,10,0,107,6318,2009-05-20,False,False,False,False,False,False,False,False,0.2,Low
54034a85-d558-4047-b32a-ad82008f7199,Willia Runolfsdottir,female,103,85 plus,Lowell,Massachusetts,5,1,14,2078,2020-12-28,False,False,False,False,False,False,False,False,0.5,Medium
f82f5556-260e-4ddd-83a0-9a93e0139732,Paula Kuvalis,female,67,55 to 69,Boston,Massachusetts,6,2,19,2076,2020-12-30,True,False,False,False,True,False,False,False,0.6,Medium
d68b29cd-8c09-4db5-8da9-d7a5d0d64b6e,Robbi Fisher,female,102,85 plus,Weston,Massachusetts,9,2,23,,1978-07-03,True,False,False,False,True,False,False,False,0.7,High
74cb7e08-565b-4242-814c-e2f9302dcd90,Val Mertz,male,19,18 to 34,Maynard,Massachusetts,2,0,13,2055,2021-01-20,False,False,False,False,False,False,False,False,0.2,Low
3da2d189-8f07-4a22-9c10-bb29e9991430,Kerry Cormier,male,70,70 to 84,Lawrence,Massachusetts,3,1,15,2235,2020-07-24,False,False,False,False,False,False,False,False,0.5,Medium
e14502ae-d3d0-4a52-8b5e-7a833f1a3bf4,Patria Schamberger,female,57,55 to 69,Boston,Massachusetts,7,1,42,2274,2020-06-15,False,False,False,False,False,False,False,False,0.4,Medium
3819264d-f39e-44cf-9e89-63078b714a0f,Werner Funk,male,111,85 plus,West Springfield Town,Massachusetts,9,2,43,9661,2000-03-25,True,False,False,False,True,False,False,False,0.7,High
b0d28084-fcad-4af2-9a3d-c0090a6e294a,Rhett Kuhlman,male,23,18 to 34,Pembroke,Massachusetts,3,0,78,2316,2020-05-04,False,False,False,False,False,False,False,False,0.2,Low
d34e9e2d-a81a-407d-9527-82d1fdb06421,Jacob Larson,male,45,35 to 54,Taunton,Massachusetts,3,1,7,2024,2021-02-20,False,False,False,True,False,False,True,False,0.2,Low
18088fa5-2146-4737-a60d-cf1d30c7c6fa,Stevie Cormier,male,106,85 plus,Chicopee,Massachusetts,10,1,26,,1987-11-28,False,False,False,False,False,False,False,False,0.5,Medium
0fc1eab4-7b07-4203-9fa3-34a965a25b2a,Leonardo Gerlach,male,83,70 to 84,Sherborn,Massachusetts,9,1,22,2067,2021-01-08,True,False,False,False,True,False,False,False,0.6,Medium
15661112-796c-460c-bf7a-6b297e33f113,Owen Howe,male,87,85 plus,Walpole,Massachusetts,15,6,189,2005,2021-03-11,True,True,False,False,True,True,False,False,0.85,High
41dd486d-2eac-4b15-bb4c-e05f3e95428f,Tonia Quitzon,female,84,70 to 84,Boston,Massachusetts,9,3,56,2225,2020-08-03,True,False,False,False,True,False,False,False,0.85,High
24f613b9-5694-4436-b781-bc0276867ac2,Rashad Blick,male,45,35 to 54,Worcester,Massachusetts,7,0,26,,1990-10-01,False,False,False,False,False,False,False,False,0.2,Low
543816ab-27fc-462d-8179-bf3156c4783a,Paris Jaskolski,male,115,85 plus,Reading,Massachusetts,7,2,25,,1993-03-22,False,False,False,False,False,False,False,False,0.6,Medium
95efed54-0648-4faf-a179-9a2b3c45e92d,Suzi Bechtelar,female,40,35 to 54,Dover,Massachusetts,9,0,51,2047,2021-01-28,False,False,False,False,False,False,False,False,0.2,Low
b4ea5671-8166-4ada-8040-8fc9292d6beb,Regena Moore,female,61,55 to 69,Longmeadow,Massachusetts,9,1,23,2112,2020-11-24,True,False,False,False,True,False,False,False,0.5,Medium
2354df0f-349f-4042-a827-2ef12013e69d,Napoleon Ullrich,male,31,18 to 34,Worcester,Massachusetts,4,0,10,2191,2020-09-06,False,False,False,False,False,False,False,False,0.2,Low
da2c7b0a-791a-4b8f-9a30-dc3d8cf1ec75,Tom Goodwin,male,58,55 to 69,Carver,Massachusetts,4,3,8,2287,2020-06-02,True,False,False,False,True,False,False,False,0.65,High
7f377edc-2971-41d6-aecf-db9dabffe9dd,Lacey Blick,female,37,35 to 54,Framingham,Massachusetts,6,1,44,2243,2020-07-16,False,False,False,True,False,False,True,False,0.3,Low
9acbf6dd-e2b1-42cd-9a8b-259b519491d6,Rich Kshlerin,male,85,85 plus,Southborough,Massachusetts,9,3,163,6331,2009-05-07,True,False,False,False,True,False,False,False,0.85,High
cc97102a-a0ce-4d18-acd3-9229b47c31c0,Jenee Turcotte,female,46,35 to 54,Yarmouth,Massachusetts,5,2,25,2309,2020-05-11,False,False,False,True,False,False,True,False,0.4,Medium
ecaea95c-46de-4ac9-a58d-4847d1a3e574,Stewart Stanton,male,111,85 plus,West Springfield Town,Massachusetts,15,5,37,,1969-08-30,True,True,False,True,True,True,True,False,0.85,High
8f437924-8cad-441b-88d2-ff38c9363bde,Randall Stroman,male,69,55 to 69,Burlington,Massachusetts,9,2,43,2119,2020-11-17,True,False,False,False,True,False,False,False,0.6,Medium
ab049f15-0df7-4702-b768-dcc3d6b3c536,Robby Jacobi,male,113,85 plus,Georgetown,Massachusetts,17,6,128,,1950-01-09,True,True,False,True,True,True,True,False,0.85,High
4d58465c-4703-4c36-ab8f-2f935dc4bee7,Lakendra Roberts,female,64,55 to 69,Quincy,Massachusetts,17,4,136,1998,2021-03-18,True,True,False,True,True,True,True,False,0.75,High
e65aa207-9ec7-493e-987b-b2c686f1af10,Laticia Dibbert,female,77,70 to 84,Cambridge,Massachusetts,6,3,26,4846,2013-05-31,True,False,False,False,True,False,False,False,0.85,High
2807decf-744b-4abe-94ce-08c33ea905df,Trevor Turcotte,male,65,55 to 69,Northborough,Massachusetts,9,2,20,2025,2021-02-19,True,False,False,False,True,False,False,False,0.6,Medium
1826f231-5570-4f7b-ad55-b12f99ba8ced,Korey Toy,male,113,85 plus,Georgetown,Massachusetts,12,2,29,,1993-12-13,True,False,False,False,True,False,False,False,0.7,High
5214a564-9117-4ffc-a88c-25f90239240b,Jonathan Hermiston,male,78,70 to 84,Brockton,Massachusetts,12,3,55,2051,2021-01-24,True,False,False,True,True,False,True,False,0.85,High
fdba4d87-c986-4650-9bf7-1f64c41cf297,Oretha Langworth,female,100,85 plus,Sterling,Massachusetts,10,1,31,9674,2000-03-12,True,False,False,False,True,False,False,False,0.6,Medium
d48ac962-78c6-46cf-ba33-a24771bfa0e4,Jerrell Gerlach,male,87,85 plus,Boston,Massachusetts,7,2,16,2109,2020-11-27,True,False,False,False,True,False,False,False,0.7,High
b85d7e00-3690-4e2a-87a0-f3d2dfc908b3,Twanda Rippin,female,53,35 to 54,Beverly,Massachusetts,6,1,22,2022,2021-02-22,True,False,False,False,True,False,False,False,0.4,Medium
f1c01f54-8408-492f-aa92-e633953e8443,Kristie Effertz,female,81,70 to 84,Worcester,Massachusetts,15,2,43,2095,2020-12-11,False,False,False,True,False,False,True,False,0.6,Medium
1b1cbdc7-7187-49f2-8607-c9325cffb004,Stanford Windler,male,85,85 plus,Westford,Massachusetts,8,2,20,2265,2020-06-24,True,False,False,False,True,False,False,False,0.7,High
26b62bec-0651-4e88-b8e3-8323d5f1a7ec,Isaura Larkin,female,76,70 to 84,Norwood,Massachusetts,9,3,31,4903,2013-04-04,True,False,False,False,True,False,False,False,0.85,High
11f2b925-43b2-45e4-ac34-7811a9eb9c1b,Loyd Connelly,male,94,85 plus,Reading,Massachusetts,11,2,29,5197,2012-06-14,False,False,False,False,False,False,False,False,0.6,Medium
61845b03-0682-49c2-97fe-d766cfd4d406,Lavern Kassulke,male,76,70 to 84,Randolph,Massachusetts,9,4,26,7675,2005-09-01,True,False,False,True,True,False,True,False,0.85,High
72d8a40a-6aa4-4e62-a258-a973cf460658,Jed Pollich,male,58,55 to 69,Plainville,Massachusetts,10,4,21,1997,2021-03-19,True,False,False,True,True,False,True,False,0.75,High
4e122e91-c63f-4112-a778-6ccf5abfd6f2,Hershel Marvin,male,41,35 to 54,Melrose,Massachusetts,4,0,10,2406,2020-02-04,False,False,False,False,False,False,False,False,0.2,Low
2be9b668-847a-4437-b33a-bdc38c665e08,Antonio Castellanos,male,35,35 to 54,Dartmouth,Massachusetts,3,1,6,2577,2019-08-17,False,False,False,True,False,False,True,False,0.2,Low
af1667b5-ef55-4313-8e39-04c2ba4e4c1b,Andy Gusikowski,male,8,0 to 17,Springfield,Massachusetts,3,0,14,2040,2021-02-04,False,False,False,False,False,False,False,False,0.2,Low
024b1b9b-57bc-4fae-9839-fa0656246b41,Brett Gottlieb,male,36,35 to 54,Boston,Massachusetts,6,0,8,2847,2018-11-20,False,False,False,False,False,False,False,False,0.1,Low
845ac958-8036-45ee-9112-eac31d9b4f30,Antonio Carmona,male,25,18 to 34,Abington,Massachusetts,1,0,10,2478,2019-11-24,False,False,False,False,False,False,False,False,0.2,Low
64f4649d-8d2e-40ae-811d-7316accdf5ee,Claudie Walsh,female,7,0 to 17,Taunton,Massachusetts,2,0,13,2139,2020-10-28,False,False,False,False,False,False,False,False,0.2,Low
0af711aa-5601-49cd-987e-162e8dac3525,Bonnie Marvin,female,29,18 to 34,Boston,Massachusetts,7,0,27,2227,2020-08-01,False,False,False,False,False,False,False,False,0.2,Low
efe58fa2-c6df-4a71-8e37-06c5e4f1e2b8,Emery Purdy,male,59,55 to 69,Worcester,Massachusetts,11,4,16,2053,2021-01-22,True,False,False,True,True,False,True,False,0.75,High
d070e7dd-4d25-4c52-9fb2-78d232e1cf2c,Enda Schaefer,female,6,0 to 17,Rutland,Massachusetts,1,0,7,1998,2021-03-18,False,False,False,False,False,False,False,False,0.1,Low
deaa60ba-499a-4d3f-8b8f-78f10ae34c0e,Crysta Rogahn,female,23,18 to 34,Weymouth Town,Massachusetts,4,0,17,2163,2020-10-04,False,False,False,False,False,False,False,False,0.2,Low
37a619bc-e2ff-4714-86ec-f68238a705cd,Errol Walker,male,29,18 to 34,Mattapoisett,Massachusetts,3,0,11,2391,2020-02-19,False,False,False,False,False,False,False,False,0.2,Low
2dd6fdd7-8270-4f4c-ac1c-b7f81aec6178,Hunter Herman,male,31,18 to 34,Everett,Massachusetts,4,1,9,2164,2020-10-03,True,False,False,False,True,False,False,False,0.3,Low
97e57d8e-d075-48db-b933-2f73bda460ef,Deidre Daniel,female,44,35 to 54,Stoughton,Massachusetts,14,1,39,2654,2019-06-01,False,False,False,True,False,False,True,False,0.3,Low
2141cd24-9c05-460c-9f87-4da6e8ec7a73,Bryan Breitenberg,male,62,55 to 69,Berkley,Massachusetts,3,1,13,2225,2020-08-03,False,False,False,False,False,False,False,False,0.4,Medium
27de96c6-6910-4f0f-8f10-00ce6090f447,Agustín Fonseca,male,32,18 to 34,Fall River,Massachusetts,2,0,7,2441,2019-12-31,False,False,False,False,False,False,False,False,0.1,Low
b9214fd9-52fa-45db-ba41-ccf7a45be7b4,Harlan McCullough,male,23,18 to 34,Weymouth Town,Massachusetts,6,0,18,2316,2020-05-04,False,False,False,False,False,False,False,False,0.2,Low
acc12451-4ef0-414b-b072-48e780a90874,Ángela Guzmán,female,37,35 to 54,Dartmouth,Massachusetts,15,4,37,2214,2020-08-14,True,False,False,True,True,False,True,False,0.65,High
e4531916-b162-4f4b-90c2-ce37e132b8d4,Buster Hoeger,male,38,35 to 54,Amherst,Massachusetts,3,0,6,2454,2019-12-18,False,False,False,False,False,False,False,False,0.1,Low
579423cd-3384-4e7d-bf19-295a26d27524,Brain Erdman,male,83,70 to 84,Sherborn,Massachusetts,6,0,19,,1948-08-06,False,False,False,False,False,False,False,False,0.4,Medium
c3d9f92d-0956-4f12-9e90-6bed9db5f27d,Gerard Thiel,male,72,70 to 84,New Bedford,Massachusetts,4,1,16,2118,2020-11-18,False,False,False,False,False,False,False,False,0.5,Medium
d6e95d44-d6b2-4963-80b0-079f8a3821c2,Earnestine Tillman,female,13,0 to 17,Boston,Massachusetts,3,0,20,2062,2021-01-13,False,False,False,False,False,False,False,False,0.2,Low
c79b748f-a792-4aea-bca5-c7c9c5b188cd,Asa Hermiston,male,55,55 to 69,Peabody,Massachusetts,7,2,20,2279,2020-06-10,False,False,False,False,False,False,False,False,0.5,Medium
e6d67197-97a1-499b-83f8-eea9ef95cf0c,Christin Stiedemann,female,83,70 to 84,Foxborough,Massachusetts,5,1,28,2126,2020-11-10,False,False,False,False,False,False,False,False,0.5,Medium
0c2a34a4-d948-4917-98b8-f44a77e459d8,Ardith Welch,female,11,0 to 17,Chester,Massachusetts,2,0,20,2093,2020-12-13,False,False,False,False,False,False,False,False,0.2,Low
3e383d93-552a-46ae-a96a-1989586244c9,Brady Kuhlman,male,56,55 to 69,Quincy,Massachusetts,9,1,15,2234,2020-07-25,False,False,False,False,False,False,False,False,0.4,Medium
f120016e-295c-48b8-a7be-34dc0127d7e6,Chad Quigley,male,74,70 to 84,West Springfield Town,Massachusetts,4,0,17,2166,2020-10-01,False,False,False,False,False,False,False,False,0.4,Medium
bc76f6c4-48cc-45b2-98f1-5792e72decdc,Franklyn Klein,male,64,55 to 69,Franklin Town,Massachusetts,4,1,27,2246,2020-07-13,False,False,False,False,False,False,False,False,0.4,Medium
7aa15a43-3a41-4d3d-a9c5-7ef941757531,Gloria Covarrubias,female,49,35 to 54,Sturbridge,Massachusetts,7,3,27,2150,2020-10-17,True,False,False,True,True,False,True,False,0.65,High
bdb0bf01-3e05-4950-a843-4d7e722cae4f,Eddy Fadel,male,50,35 to 54,Milford,Massachusetts,4,0,14,,1977-09-09,False,False,False,False,False,False,False,False,0.2,Low
39cc9d76-0952-4ded-9b39-b97d1e43b9cf,Alden Considine,male,77,70 to 84,Easton,Massachusetts,8,2,21,2236,2020-07-23,True,False,False,False,True,False,False,False,0.7,High
cd09f5d4-55f7-4a24-a25d-a5b65c7a8805,Christopher Dietrich,female,79,70 to 84,Falmouth,Massachusetts,5,2,15,2207,2020-08-21,False,False,False,True,False,False,True,False,0.6,Medium
9de30b5a-f100-407c-9b27-1e47f6e3a663,Derek Becker,male,62,55 to 69,Framingham,Massachusetts,6,3,19,2309,2020-05-11,True,False,False,False,True,False,False,False,0.75,High
8c7271df-e8d9-4baa-8762-8f0a585297cc,Alica Powlowski,female,56,55 to 69,Middleborough,Massachusetts,8,0,32,2152,2020-10-15,False,False,True,False,False,False,False,True,0.3,Low
583443e3-2d06-4a98-903c-044f0fd5659f,Emilia Palomino,female,82,70 to 84,Boston,Massachusetts,6,0,19,2025,2021-02-19,False,False,False,False,False,False,False,False,0.4,Medium
8ff20ff8-9a14-4c50-b0e1-e2e5c11df428,Basil Champlin,male,16,0 to 17,Framingham,Massachusetts,9,0,25,1987,2021-03-29,False,False,False,False,False,False,False,False,0.2,Low
f9aef24a-c8f6-4c36-90a3-970a21701185,Eugenia Schuster,female,74,70 to 84,Marlborough,Massachusetts,5,2,15,2193,2020-09-04,False,False,False,False,False,False,False,False,0.6,Medium
e7991a49-1512-4005-a478-09ecad76ca4c,Barry Wolf,male,113,85 plus,Georgetown,Massachusetts,8,2,26,,1998-12-07,True,False,False,False,True,False,False,False,0.7,High
155d3d80-f3f0-4b39-9207-0d122cf94a11,Clara Montañez,female,59,55 to 69,Southborough,Massachusetts,10,1,24,2274,2020-06-15,False,False,False,False,False,False,False,False,0.4,Medium
b361ebbe-5dd5-4dee-a178-773d774fc04d,Hiedi Bruen,female,60,55 to 69,Stoneham,Massachusetts,12,2,32,2224,2020-08-04,True,False,False,False,True,False,False,False,0.6,Medium
6e7c2272-da51-4bf8-9511-d1e18eee1a89,Frank McDermott,male,17,0 to 17,Quincy,Massachusetts,6,0,18,2090,2020-12-16,False,False,False,False,False,False,False,False,0.2,Low
74bbd61f-8017-4274-a156-8e31a96ec0d3,Catherine Turner,female,61,55 to 69,Holyoke,Massachusetts,5,1,30,2314,2020-05-06,False,False,False,False,False,False,False,False,0.4,Medium
27f12f19-ede7-4432-98d6-659b5201c9fa,Charlotte Padberg,female,34,18 to 34,Medford,Massachusetts,12,1,66,2010,2021-03-06,False,False,False,True,False,False,True,False,0.3,Low
9462ff5c-47c8-4e46-a180-1cac0a2003c4,Giuseppe Cremin,male,28,18 to 34,Lee,Massachusetts,3,1,9,2349,2020-04-01,False,False,False,True,False,False,True,False,0.2,Low
d442b673-1185-42f5-bf7c-32eb47bb6b3d,Fredrick Kris,male,45,35 to 54,Norwell,Massachusetts,4,2,9,2070,2021-01-05,False,False,False,True,False,False,True,False,0.3,Low
c26c8d14-0497-4550-bab9-996eb8a1d83c,Burton McKenzie,male,16,0 to 17,Brockton,Massachusetts,6,1,36,2002,2021-03-14,False,False,False,False,False,False,False,False,0.3,Low
786ec762-c52d-4f65-bd73-0119a0184e80,Burton Kozey,male,68,55 to 69,Hopkinton,Massachusetts,7,1,20,2316,2020-05-04,True,False,False,False,True,False,False,False,0.5,Medium
59d572ce-0c47-434e-8fe6-2aa79c0f1139,Darius Klocko,male,68,55 to 69,Salem,Massachusetts,8,1,25,2134,2020-11-02,False,False,False,False,False,False,False,False,0.4,Medium
2d95f315-808c-4b67-836b-e56bdba9dd21,Alexia Senger,female,68,55 to 69,Somerville,Massachusetts,6,2,15,2165,2020-10-02,True,False,False,False,True,False,False,False,0.6,Medium
7d8d8cb5-24ff-4c7b-bb37-de80ce94155b,Florentino Mertz,male,106,85 plus,Chicopee,Massachusetts,8,1,22,9241,2001-05-19,False,False,False,False,False,False,False,False,0.5,Medium
d5b9e8d1-eeab-48c6-bfc2-71b8f8ff342b,Freda O'Connell,female,56,55 to 69,Fall River,Massachusetts,4,1,14,2094,2020-12-12,False,False,False,False,False,False,False,False,0.4,Medium
3be268d8-ec01-471a-937d-267bf0ed0b5c,Fidel Bins,male,50,35 to 54,Lawrence,Massachusetts,5,2,23,1987,2021-03-29,False,False,False,False,False,False,False,False,0.4,Medium
65057126-d09f-49e2-ad8f-5a486ccf55f1,Beatrice Hagenes,female,9,0 to 17,Scituate,Massachusetts,5,0,18,2040,2021-02-04,False,False,False,False,False,False,False,False,0.2,Low
54c48934-bec2-4773-89f5-f09f6fc6e6f9,Antonio Runolfsson,male,29,18 to 34,Amherst,Massachusetts,3,1,12,2496,2019-11-06,False,False,False,True,False,False,True,False,0.3,Low
2bd18d48-1d2d-4edb-ad61-70bd7d91fe81,Hong Macejkovic,male,94,85 plus,Reading,Massachusetts,13,2,34,4840,2013-06-06,True,False,True,True,True,False,True,True,0.7,High
a29740c4-30a5-442c-b49d-df0450de7388,Cary O'Hara,female,63,55 to 69,Lynn,Massachusetts,9,0,53,2031,2021-02-13,False,False,False,False,False,False,False,False,0.3,Low
fbeb6608-4810-453b-a3a6-b34f321410b1,Brendon Rath,male,23,18 to 34,Andover,Massachusetts,7,0,19,2292,2020-05-28,False,False,False,False,False,False,False,False,0.2,Low
fc200fa2-12c9-4276-ba4a-e0601d424e55,Bruno Bernhard,male,7,0 to 17,Boston,Massachusetts,2,0,10,2117,2020-11-19,False,False,False,False,False,False,False,False,0.2,Low
7777f4bb-9c19-42fe-b09a-cd791ea99ac2,Hernán Heredia,male,11,0 to 17,Abington,Massachusetts,3,0,20,2088,2020-12-18,False,False,False,False,False,False,False,False,0.2,Low
b3679343-2f2d-4b44-84a9-31fc259bfef1,Amiee Buckridge,female,16,0 to 17,Erving,Massachusetts,4,0,18,2025,2021-02-19,False,False,False,False,False,False,False,False,0.2,Low
c34852c9-ffba-4bda-890a-eef4bc683e42,Hallie Hoeger,female,100,85 plus,Sterling,Massachusetts,13,4,71,2060,2021-01-15,False,False,False,False,False,False,False,False,0.75,High
dbcdd082-df8c-45c5-b961-816cf90f70c4,Filiberto Ryan,male,27,18 to 34,Medford,Massachusetts,7,1,18,2726,2019-03-21,True,False,False,False,True,False,False,False,0.4,Medium
775447e9-2cc5-4cc9-94de-d358d0efa661,Angele Greenfelder,female,22,18 to 34,New Bedford,Massachusetts,7,0,20,2302,2020-05-18,False,False,False,False,False,False,False,False,0.2,Low
276e0848-caaf-4e0e-96ed-0d1f238b6ce8,Delbert Williamson,male,30,18 to 34,Natick,Massachusetts,6,0,10,2074,2021-01-01,False,False,False,False,False,False,False,False,0.2,Low
