patient_id,name,gender,dob,age,age_group,city,state,country,marital_status,language
4852418,Ref Target,unknown,,,Unknown,,,,,
a196b317-2719-4739-b449-4ac5ec4fce62,Noel Reynolds,male,2019-01-24,7,0 to 17,Boxford,Massachusetts,US,Never Married,English
bb7fb8e1-1a76-4328-92ea-3852f34846e6,Eboni Brekke,female,1995-07-10,31,18 to 34,Canton,Massachusetts,US,Never Married,English
b89834ac-a767-4563-890b-cac9d55adb15,Eduardo Treviño,male,1971-02-01,55,55 to 69,Saugus,Massachusetts,US,M,Spanish
9afe28dc-7ad5-4e90-b6a6-16123eae98c3,Andy Schaden,male,1932-06-09,94,85 plus,Reading,Massachusetts,US,M,English
d4fb3bba-73a9-4b82-a0bc-678d47f386b4,Babara Rice,female,1980-08-31,46,35 to 54,Springfield,Massachusetts,US,M,English
2094b6fa-01b6-4d0c-bef4-38931181732e,Tanner Ondricka,male,1944-09-28,81,70 to 84,Peabody,Massachusetts,US,M,Portuguese
3552e945-2598-4993-b617-4133ab2ed914,Maida Gerhold,female,1985-11-08,40,35 to 54,Boston,Massachusetts,US,M,English
a6fb5437-10d5-4f70-81a0-4f43bfbd9fb0,Trenton Turner,male,1985-02-03,41,35 to 54,Quincy,Massachusetts,US,M,English
004b7f3b-eaaa-4eda-81dc-3a82854a363d,Mayte Escobar,female,1965-09-12,60,55 to 69,Worcester,Massachusetts,US,M,Spanish
06895d41-5937-4e83-9f3d-0af09db31c69,Kendall Keeling,male,1915-07-03,111,85 plus,West Springfield Town,Massachusetts,US,M,English
d0f9bf93-f99f-4544-b095-1d3c5265b5bb,Maricarmen Alarcón,female,1987-03-19,39,35 to 54,Seekonk,Massachusetts,US,M,Spanish
f9ed4a8e-44f9-4392-bf35-9857b65937c5,Kathy Walker,female,1989-05-31,37,35 to 54,Boston,Massachusetts,US,M,Chinese
0d1c4ee3-084d-4818-9689-783e94162748,Lloyd Rippin,male,2012-02-13,14,0 to 17,Cohasset,Massachusetts,US,Never Married,English
802e150c-c3f3-4a2d-954f-9b7a92be59bc,Jacqueline Wyman,female,1995-03-10,31,18 to 34,Boston,Massachusetts,US,Never Married,English
11a7f0e3-b1d0-431c-adb6-ad1ad8d61720,Mafalda Turcotte,female,1969-03-05,57,55 to 69,Bolton,Massachusetts,US,S,English
ba55f379-b944-44f3-a58a-14b95a623c1b,Louis Miller,male,1979-08-20,47,35 to 54,Lancaster,Massachusetts,US,M,English
28d83205-7289-4483-a25d-877009825909,Sylvia Mitchell,female,1948-10-21,77,70 to 84,Taunton,Massachusetts,US,M,English
af0e5952-c2ac-44fc-a896-36e9e30c2097,Madalyn Frami,female,1988-02-18,38,35 to 54,Waltham,Massachusetts,US,M,Chinese
7d3aec4c-0f8f-4bde-b6c2-37fdb2c537d8,María Eugenia Medina,female,2019-09-26,6,0 to 17,Boston,Massachusetts,US,Never Married,Spanish
a9dd69c1-b94a-4434-8239-48d264b39746,Estela Flórez,female,1977-08-11,49,35 to 54,Dracut,Massachusetts,US,M,Spanish
1f456f0a-acb1-4728-82af-01ca57083c7b,Kermit Trantow,male,1993-06-21,33,18 to 34,Boston,Massachusetts,US,M,Russian (Russia)
3f1fe154-98d8-4d19-bf34-5497e37d2068,Errol Prohaska,male,2004-07-14,22,18 to 34,Gloucester,Massachusetts,US,Never Married,Portuguese
2cda5aad-e409-4070-9a15-e1c35c46ed5a,Geoffrey Abbott,male,1992-07-03,34,18 to 34,Southborough,Massachusetts,US,M,English
5ee05359-57bf-4cee-8e89-91382c07e162,Barney Abbott,male,1964-03-18,62,55 to 69,Framingham,Massachusetts,US,Never Married,English
5d08f7da-5a78-4d35-afec-9d2c2c0245ee,Raymon Kris,male,1991-09-29,34,18 to 34,Lynn,Massachusetts,US,M,English
a74651a6-8141-4c7e-91b5-a43ce80e6b92,Emeline Hilll,female,1924-06-16,102,85 plus,Weston,Massachusetts,US,M,English
2d79458c-3c54-4bc4-bf3c-ccea471988fc,Quintin Parker,male,1971-02-26,55,55 to 69,Lowell,Massachusetts,US,M,English
0b8d3c83-93f8-4f9a-b711-96b7d2e13264,Shameka Marvin,female,1988-10-04,37,35 to 54,Bridgewater,Massachusetts,US,M,English
ae8a896e-bbd9-4e1a-a732-1568df9d7527,Raúl Fernández,male,1971-12-23,54,35 to 54,Brockton,Massachusetts,US,M,Spanish
65b95f0a-e27d-4536-b04e-4e17a726ed38,Carson Beatty,male,1968-10-15,57,55 to 69,Shrewsbury,Massachusetts,US,M,English
14867dba-fb11-4df3-9829-8e8e081b39e6,Denny Bins,male,1982-04-16,44,35 to 54,Dedham,Massachusetts,US,M,English
754942e7-108b-47eb-87ea-b365264e7ee6,Marlin Hagenes,male,2002-10-29,23,18 to 34,Haverhill,Massachusetts,US,Never Married,English
030b3765-844c-4cc1-a36f-974c37895eee,Chau Anderson,female,1997-07-09,29,18 to 34,Winthrop Town,Massachusetts,US,Never Married,English
aa0b29d0-6916-4fb7-85f0-6e42370dd5fa,Ammie Huels,female,1948-04-26,78,70 to 84,Holyoke,Massachusetts,US,M,French
cb0a84bd-b04c-458e-baa3-c9f89ca767d7,Erminia Ondricka,female,2009-01-19,17,0 to 17,Duxbury,Massachusetts,US,Never Married,French
0488ce70-f68d-45fb-b6a5-29684d0e4f35,Carin Schowalter,female,1968-08-09,58,55 to 69,Taunton,Massachusetts,US,M,English
ede897d1-b0d4-4401-9c8b-45ccf637cbbd,Elsy Hermiston,female,1931-08-18,95,85 plus,New Bedford,Massachusetts,US,M,English
4bd94092-ce3a-404a-8d16-d6c84b9617bc,Christian Brekke,female,2002-04-30,24,18 to 34,Newton,Massachusetts,US,Never Married,English
7c058fdc-75a9-4837-bedf-3bf1924311b7,Erick Auer,male,2004-07-30,22,18 to 34,Malden,Massachusetts,US,Never Married,English
dc877b20-081d-4109-9e97-99f0fdc58287,David Alcántar,male,1962-06-09,64,55 to 69,Woburn,Massachusetts,US,M,Spanish
775ae455-7966-416e-8d04-fd0b8fdac28f,Mariana Acuña,female,1988-07-23,38,35 to 54,Chelmsford,Massachusetts,US,S,Spanish
08bb5ad8-79b2-47ef-a0ad-81ef0b4ab2c3,Harland DuBuque,male,1938-04-09,88,85 plus,New Bedford,Massachusetts,US,M,Portuguese
87a339d0-8cae-418e-89c7-8651e6aab3c6,Danae Kshlerin,female,1964-05-13,62,55 to 69,Salem,Massachusetts,US,M,English
018f428e-34f6-4707-8009-5ad742f901e7,Abdul Koepp,male,1956-08-03,70,70 to 84,Peabody,Massachusetts,US,M,English
689892bd-dcbe-41fc-8651-38a1d0893854,Aundrea Grant,female,1965-05-17,61,55 to 69,Pittsfield,Massachusetts,US,M,English
9e691882-981e-4dd3-af5e-be44d315d715,María del Carmen Abreu,female,1986-01-01,40,35 to 54,Methuen Town,Massachusetts,US,M,Spanish
eedd6def-8163-4238-825f-19e8bbd63d34,Merlin Howell,male,1916-02-25,110,85 plus,Sharon,Massachusetts,US,M,English
6daf3d7c-1620-4d79-9396-990469306470,Daisey Johns,female,2015-04-04,11,0 to 17,Rowley,Massachusetts,US,Never Married,English
86512c6f-caf6-41f4-9503-e4270b37b94f,Blake Eichmann,male,1993-01-11,33,18 to 34,Tewksbury,Massachusetts,US,M,English
a8ddde95-60c6-4aae-9db8-bb863179ebc3,Cruz Halvorson,female,1954-02-15,72,70 to 84,Peabody,Massachusetts,US,M,English
bfa92124-f8a9-4bc3-92ff-fcc768685b5e,Elvira Pacheco,female,1990-03-22,36,35 to 54,Holden,Massachusetts,US,M,Spanish
546ebc02-7a24-497f-bcbc-e3bb473dac7a,Isabel Runte,female,1950-11-17,75,70 to 84,Boston,Massachusetts,US,M,Chinese
ebd50853-8a52-423a-8f6d-cb6dda740a1a,Eura Treutel,female,1935-01-15,91,85 plus,Weston,Massachusetts,US,M,English
39e53c6f-309b-4ed7-b650-79a4ef7b1e99,Joaquin Rodriguez,male,1987-07-26,39,35 to 54,Burlington,Massachusetts,US,S,English
e1943f44-dea5-4574-b824-622a5ddd2fd7,Cristine Labadie,female,1978-11-14,47,35 to 54,Worcester,Massachusetts,US,M,English
20a30240-90e2-431b-8ce5-e47aa814d017,Emanuel Carroll,male,2014-09-08,11,0 to 17,Dedham,Massachusetts,US,Never Married,English
b96aa17a-6e5a-466c-9dd4-78fc74e4d6d2,Michael Kihn,male,1981-02-19,45,35 to 54,Springfield,Massachusetts,US,M,English
ca95b2c5-d306-44d4-a7fa-756de736e68e,Laurie McCullough,female,1999-07-10,27,18 to 34,Saugus,Massachusetts,US,Never Married,English
4b65ed63-14ff-46f9-b336-1edb1ef1410e,Monika Green,female,2002-11-16,23,18 to 34,Ashland,Massachusetts,US,Never Married,English
7e1f4334-1a53-41a7-b07f-f0203bb55733,Micha Kertzmann,female,1941-09-14,84,70 to 84,Yarmouth,Massachusetts,US,S,English
ab245cab-fcbc-4d5f-a2e8-b9433fc7d26f,Rachael McDermott,female,1974-07-02,52,35 to 54,Revere,Massachusetts,US,M,English
98671a34-1c6e-4569-a1bc-6ee40c8d03a5,Jacki Feil,female,1968-05-19,58,55 to 69,Kingston,Massachusetts,US,M,English
bc6c8e2a-63de-4790-94af-fcab57874c21,Charita Adams,female,2001-09-14,24,18 to 34,Brookline,Massachusetts,US,Never Married,Chinese
43b6ae50-2cca-4934-ad38-282f8934b770,Adán Portillo,male,1937-02-13,89,85 plus,Billerica,Massachusetts,US,M,Spanish
c19264dc-4d8e-488f-b6df-31a896089080,Jesús Alvarez,male,1984-10-12,41,35 to 54,Hudson,Massachusetts,US,M,Spanish
b3873037-a455-4558-a066-9faaed01b673,George Kutch,male,1967-08-25,59,55 to 69,North Attleborough,Massachusetts,US,M,English
2e46729a-6efe-4f46-be91-50ac16b547c6,Walton King,male,2013-07-04,13,0 to 17,Hanover,Massachusetts,US,Never Married,English
389bac6b-5b19-43c2-90a6-79afa9ba59e7,Eliseo Cummings,male,1973-06-29,53,35 to 54,Lawrence,Massachusetts,US,M,English
5db1e775-33a3-47fb-8954-d97cd43e8074,Nikki Ferry,female,1961-08-27,65,55 to 69,Sharon,Massachusetts,US,M,English
ab4e7a7d-8b0d-41e1-9ce9-3877d7615aed,Renea Quigley,female,1957-12-26,68,55 to 69,Southbridge Town,Massachusetts,US,M,English
a8cd3462-ed0c-48a4-81cc-45249aa946ca,Darin Skiles,male,1967-01-21,59,55 to 69,Easton,Massachusetts,US,M,English
5fd069dc-e337-4062-9722-a732c655c17d,Coleman Ortiz,male,1915-07-03,111,85 plus,West Springfield Town,Massachusetts,US,M,English
29105b30-f807-4e58-a253-01a7830aa8f6,Vera Spinka,female,1982-04-21,44,35 to 54,Waltham,Massachusetts,US,M,English
13a00221-8417-4973-961e-e21b32ece95a,Virginia Mercado,female,1969-04-15,57,55 to 69,Westwood,Massachusetts,US,M,Spanish
9d2f59f0-f9b8-4794-877d-24ec6bb875fa,Malcom Harris,male,1964-11-06,61,55 to 69,Yarmouth,Massachusetts,US,M,English
db5c2af9-8854-4f8c-a2e9-30640aa3b4b6,Cristobal Alcántar,male,1936-08-18,90,85 plus,Boston,Massachusetts,US,M,Spanish
6234b038-fa0d-476f-b373-6c22de018cf7,Tommy Friesen,male,1947-06-15,79,70 to 84,Southbridge Town,Massachusetts,US,S,English
dbc100c0-8f16-4ec1-b74c-74b80de41c07,Octavio Reichert,male,1957-05-29,69,55 to 69,Middleborough,Massachusetts,US,S,English
080e29a2-b350-47a0-8422-1325caefbadc,Vannessa Batz,female,2007-07-16,19,18 to 34,Westport,Massachusetts,US,Never Married,English
565feedb-ca56-40e3-aeb2-ace1287164c3,Samira Parisian,female,1988-02-10,38,35 to 54,Attleboro,Massachusetts,US,M,English
e312f2f5-689d-47f9-b4dd-f6f12417322f,Bryan Breitenberg,male,1964-08-30,62,55 to 69,Watertown Town,Massachusetts,US,M,English
8c8bea6b-3352-4331-b5e8-544c0fef254a,Sal Strosin,male,1939-01-27,87,85 plus,Boston,Massachusetts,US,M,English
d98ae128-2a42-4c85-b9aa-cebdf6bddb1d,Jonathon Dietrich,male,1969-03-04,57,55 to 69,Newburyport,Massachusetts,US,M,English
768be7ac-743f-4c24-aa0f-fed5a3a38b6a,Lillian Schinner,female,1931-05-20,95,85 plus,Northampton,Massachusetts,US,M,English
84451841-21bf-4754-9eb5-99d508c4282f,Graciela Alcántar,female,1963-07-29,63,55 to 69,Ipswich,Massachusetts,US,M,Spanish
43dd4e31-0c9d-42c7-a2e1-53ccf0e09dba,Tressa Bergstrom,female,1964-04-24,62,55 to 69,Waltham,Massachusetts,US,S,English
39234650-0229-4aee-975b-c8ee68bab40b,Christopher Abshire,male,1920-04-23,106,85 plus,Chicopee,Massachusetts,US,M,English
8acb3d02-4081-4f9a-b805-80ffd158aa66,Arron Schamberger,male,2017-07-21,9,0 to 17,Springfield,Massachusetts,US,Never Married,English
45ecc2b1-2e0c-4e67-bdac-2979f439275a,Misty Bradtke,female,1973-05-14,53,35 to 54,Cambridge,Massachusetts,US,M,English
47c09f86-2ff8-46e9-9544-8146fc723bab,Avril Hane,female,1941-09-14,84,70 to 84,Yarmouth,Massachusetts,US,M,English
10fe9427-a075-4d8c-8af7-1d4d24f72112,Juliette Padberg,female,1989-08-29,37,35 to 54,Mashpee,Massachusetts,US,M,English
bab7fbbe-9b84-4b2b-b541-bb1fe769772a,Rashad Feeney,male,1959-12-07,66,55 to 69,Hanson,Massachusetts,US,S,English
d5525459-8f3e-4e60-8ed2-5140d165db75,Truman Wiegand,male,1953-01-10,73,70 to 84,Chicopee,Massachusetts,US,M,English
5f6d256f-fc32-4b10-ba9c-51aba830cfa4,Almeda Conn,female,1942-09-05,84,70 to 84,Norwell,Massachusetts,US,M,English
132f48ba-1d72-4e0c-a220-91786d7501aa,Neva Hyatt,female,1970-05-28,56,55 to 69,Leominster,Massachusetts,US,M,English
fa064acf-b7f1-4279-83d3-7a94686da7ba,Jeffery Daniel,male,1920-04-23,106,85 plus,Chicopee,Massachusetts,US,M,English
ffb8ae8f-8c7f-4475-8c42-d38419108e94,Sherman McGlynn,male,1936-10-06,89,85 plus,Wrentham,Massachusetts,US,M,Chinese
7d92e3ac-4bb6-4c7a-953a-ec8bb3b2da56,Sammie Zemlak,male,1959-01-28,67,55 to 69,North Adams,Massachusetts,US,M,English
f2316789-30c4-4c06-9193-0ca5475bbb1b,Casimira Nicolas,female,1987-03-27,39,35 to 54,Lynn,Massachusetts,US,M,English
c6e10999-2d4f-405d-964c-2e61f0aebd76,Albertina Klocko,female,1956-01-14,70,70 to 84,Hudson,Massachusetts,US,M,Chinese
75e95f92-3bfa-454f-aa99-99375173f201,Kimiko Dooley,female,1996-11-07,29,18 to 34,Boston,Massachusetts,US,Never Married,English
4577f039-dafd-4751-861c-bb99b34cf71d,Louis Wisoky,male,1938-04-09,88,85 plus,New Bedford,Massachusetts,US,M,Portuguese
6cd1cedb-08c2-473d-b8cf-ca3973587bcc,Keitha Turner,female,2004-07-22,22,18 to 34,Newton,Massachusetts,US,Never Married,French
9af8e1d3-885b-4356-bf48-b60297671f9b,Morgan Gislason,female,2007-12-15,18,18 to 34,Springfield,Massachusetts,US,Never Married,English
7099b4c5-6f47-4293-9690-f2afb23b9dd6,Willis Crona,male,1946-10-19,79,70 to 84,Boston,Massachusetts,US,M,English
881f534f-d041-425d-a542-cbf669f43e18,Raeann O'Kon,female,1968-10-09,57,55 to 69,Lawrence,Massachusetts,US,M,French
ffd502c9-23e1-4f8f-bc8a-87373acad280,Renato Dare,male,1976-06-14,50,35 to 54,Oxford,Massachusetts,US,M,English
80a75b5a-fd30-4f38-895d-d8098fe7206e,Omar Abernathy,male,2000-07-20,26,18 to 34,Franklin Town,Massachusetts,US,Never Married,Portuguese
1410c2ee-05cb-4d45-86cc-f4980597f053,Louie Jast,female,1950-03-01,76,70 to 84,Taunton,Massachusetts,US,M,English
068973f7-ee9f-48ef-b4ec-fb6092b14302,Cathryn Windler,female,1924-12-30,101,85 plus,Boston,Massachusetts,US,M,English
d00b766a-f5fa-4730-a64d-e8574994f460,Luis Miguel Delarosa,male,1948-10-07,77,70 to 84,Milton,Massachusetts,US,S,Spanish
7c10b60c-42a6-4504-b446-f5268c573861,Rob Rau,male,2003-11-09,22,18 to 34,Worcester,Massachusetts,US,Never Married,English
68eec23c-3211-4eba-a28b-c26a2f7f49c4,Christian Balistreri,male,1996-06-24,30,18 to 34,Westford,Massachusetts,US,Never Married,English
2744ab6f-91dd-4e4f-8208-fe52ee2c27d1,Whitney Ortiz,male,1959-11-18,66,55 to 69,Fall River,Massachusetts,US,M,English
186ff984-f437-4817-8d35-0997a8b7f405,Twyla Moen,female,1945-12-09,80,70 to 84,Chicopee,Massachusetts,US,M,English
bd6f9f37-7295-4cd6-b212-134afcef1253,Josue Sipes,male,1956-03-10,70,70 to 84,Middleborough,Massachusetts,US,S,English
2f06f0fd-bc92-4450-9b66-4f15bd84d056,Frances Mann,male,1967-09-02,59,55 to 69,Hingham,Massachusetts,US,M,English
17ff80a3-dda8-4a58-a8c5-6fe94ad0d747,Minh Monahan,male,2003-07-03,23,18 to 34,Shrewsbury,Massachusetts,US,Never Married,English
35ee91de-83bd-4fa3-9548-58384c91de93,Minna Skiles,female,1962-12-01,63,55 to 69,Lowell,Massachusetts,US,M,Russian (Russia)
866bb57e-a566-4708-8381-3a0a400e93ab,Dorris Kuhic,female,2016-06-12,10,0 to 17,Westport,Massachusetts,US,Never Married,English
d00b080d-706e-4cd8-ae87-6531e798b1fd,Ali Herman,male,1952-03-16,74,70 to 84,Marblehead,Massachusetts,US,M,English
1ce88101-5829-4c50-9b30-3b9e166d51c8,Oswaldo Armstrong,male,1936-10-06,89,85 plus,Wrentham,Massachusetts,US,S,Chinese
f3d887cf-1b74-4922-b35d-32bfaa1670ec,Vinnie Dare,female,2014-08-20,12,0 to 17,Everett,Massachusetts,US,Never Married,English
43400618-8533-406d-8303-af7cc5714549,Maple Emmerich,female,1979-10-13,46,35 to 54,Marlborough,Massachusetts,US,M,English
8f65af92-c3c9-4316-bb7f-862c248788dd,Tarsha Stokes,female,1950-11-17,75,70 to 84,Boston,Massachusetts,US,M,Chinese
2a3d4d46-512f-480f-8eb9-5a11ef3b2176,Chauncey Johnston,male,1975-10-12,50,35 to 54,Boston,Massachusetts,US,S,English
aba76b64-036c-4477-a48b-2e07a741114e,Karan Gerhold,female,1938-05-17,88,85 plus,Somerville,Massachusetts,US,M,English
d8a00854-f768-4195-a025-9af34b2e0e9f,Carin Kerluke,female,1996-12-18,29,18 to 34,Norwell,Massachusetts,US,Never Married,English
76bc2bcd-3074-46b9-bc18-18daf50825a2,Louis Erdman,male,1989-07-27,37,35 to 54,Chicopee,Massachusetts,US,S,English
4f830f8a-7051-4bf4-9882-40f5c60e4159,Zachary Kutch,male,1972-11-25,53,35 to 54,Cambridge,Massachusetts,US,M,English
4ef9f896-10bc-4479-acd6-1153e7318f14,Edward Gulgowski,male,1992-09-13,33,18 to 34,Chelmsford,Massachusetts,US,M,Portuguese
3bffe2b3-b048-436d-b9b1-0d09263836e3,Florencia Meléndez,female,1993-03-12,33,18 to 34,Worcester,Massachusetts,US,M,Spanish
2316fb73-df53-4896-b17d-df48a42ce2f8,Ruthie Willms,female,2000-12-15,25,18 to 34,Medford,Massachusetts,US,Never Married,English
beabfaa9-5f90-4aa4-860b-529ef87c8080,Oralia Stark,female,1998-08-27,28,18 to 34,Arlington,Massachusetts,US,Never Married,English
476d3544-6370-479f-9ac9-c43434aae12f,Theo Abshire,female,2016-10-28,9,0 to 17,Westfield,Massachusetts,US,Never Married,English
09075876-bd10-46cf-9455-d55dc7df9f59,Blaine Schroeder,male,1968-08-24,58,55 to 69,Gardner,Massachusetts,US,M,English
d1934daf-4775-4b55-995b-4be2aa0e395b,Renaldo Jacobi,male,1965-09-26,60,55 to 69,Belmont,Massachusetts,US,M,English
34b6332c-71a9-46ad-9d30-17443d77dbd9,Wendy Littel,female,2000-11-15,25,18 to 34,Medford,Massachusetts,US,Never Married,English
e7de504a-311d-49be-b2bc-566a328bcc72,Loria Jenkins,female,1937-07-15,89,85 plus,Wareham,Massachusetts,US,M,English
c5ed5d78-5b3f-4a75-bdfb-5f318b068a20,Fletcher Hyatt,male,1915-07-03,111,85 plus,West Springfield Town,Massachusetts,US,M,English
948e608d-e408-4788-8cf2-8157c49c2940,Dirk Kuhlman,male,1971-12-07,54,35 to 54,Taunton,Massachusetts,US,M,English
7cc7918f-fa5a-4818-8088-585e835d4aa7,Margarita Powlowski,female,2001-09-27,24,18 to 34,Marblehead,Massachusetts,US,Never Married,English
9bf59715-246f-4ce2-85a6-58c1757f8d21,Margery Gibson,female,1948-11-08,77,70 to 84,Cambridge,Massachusetts,US,M,English
6e412edd-70a6-44cd-a109-2a908aba849f,Librada Tromp,female,1959-11-27,66,55 to 69,Medford,Massachusetts,US,M,English
a9fb0d0f-fb3c-4173-ad19-ec9ba84f4d02,Lourdes Alcántar,female,1940-05-08,86,85 plus,Needham,Massachusetts,US,M,Spanish
cc74fae7-b8e8-4e77-af46-fb7c3177bf1c,Antony Anderson,male,1986-01-27,40,35 to 54,Lawrence,Massachusetts,US,M,English
494743a2-fea5-4827-8f02-c2b91e4a4c9e,Barrett Cummings,male,1972-07-30,54,35 to 54,Boston,Massachusetts,US,M,English
a85b31e5-8f0c-480d-9e81-67408608dd7a,Pearly Schuster,female,2016-11-17,9,0 to 17,Rutland,Massachusetts,US,Never Married,English
02fe5c57-6ef7-441b-8e1b-6ba103854594,Van Rosenbaum,male,2016-06-26,10,0 to 17,Burlington,Massachusetts,US,Never Married,English
641f77f3-3580-4a9f-b663-9b2b71ccdc34,Pete Hirthe,male,1998-01-27,28,18 to 34,Wakefield,Massachusetts,US,Never Married,English
911103a3-0657-495c-b170-b2ee6078b5c8,Raúl Gómez,male,1957-06-29,69,55 to 69,Southborough,Massachusetts,US,S,Spanish
e0f40fe5-d579-41f7-87f6-6b2f5f6d1e5b,Nohemi Mertz,female,1951-03-14,75,70 to 84,Essex,Massachusetts,US,M,English
1d4685c4-e83e-4a73-a8e5-147a4c0b4ed4,Elijah Zieme,male,1910-09-19,115,85 plus,Reading,Massachusetts,US,M,English
91562621-cc8f-4731-b97d-9ff78bcb055c,Maximina Hauck,female,2009-03-01,17,0 to 17,Boston,Massachusetts,US,Never Married,English
7a18395e-05fb-44ad-9481-82774944b537,Juan Stracke,female,1964-06-07,62,55 to 69,Edgartown,Massachusetts,US,M,English
d67a0cff-8f7e-46f7-bb99-577a6623e59a,Adolph Smith,male,1944-11-28,81,70 to 84,Mashpee,Massachusetts,US,M,English
63731047-b5a9-4b05-a14b-8cf6507efc98,Adolfo Marquardt,male,1949-08-02,77,70 to 84,Wakefield,Massachusetts,US,M,English
99852f4e-9d55-4b8a-b399-824bd7929f0c,Lyndia Bergstrom,female,1924-06-16,102,85 plus,Weston,Massachusetts,US,M,English
71304c2e-64b0-4b57-91f6-2c1ff771d72c,Silvana Cremin,female,1959-10-01,66,55 to 69,Grafton,Massachusetts,US,M,English
fcece34f-2e51-43b5-acb0-361c3472e679,Chet Hoeger,male,1988-09-05,38,35 to 54,Brockton,Massachusetts,US,S,English
64de554d-c28d-42bd-bd78-74628938a02f,Nicky Huel,male,1959-01-28,67,55 to 69,North Adams,Massachusetts,US,S,English
429342a7-e550-482e-8213-f2711cc3eca8,Jake Fay,male,2016-07-30,10,0 to 17,Hingham,Massachusetts,US,Never Married,English
b9c78609-bca3-4004-a5ed-246e5f3ff229,Monserrate Mayert,female,1982-10-20,43,35 to 54,Waltham,Massachusetts,US,M,English
f71747e7-e5dd-4e04-8d0a-0c6bc545c2a4,Eddie Lakin,male,1910-09-19,115,85 plus,Reading,Massachusetts,US,M,English
c4d8bbb7-7214-4260-8a67-065f51f0af18,Marcos Barrows,male,1951-07-30,75,70 to 84,Worcester,Massachusetts,US,M,English
6bb3d38f-ae2e-40cf-a31e-baaea0b8bcc1,Clorinda Wilkinson,female,1924-06-16,102,85 plus,Weston,Massachusetts,US,S,English
59bc5dbb-1957-47ef-b6b5-25952e6bfdab,Alberto Armstrong,male,2002-12-16,23,18 to 34,North Andover,Massachusetts,US,Never Married,Italian
d63abf62-0f84-4649-94d2-052d9363ac00,Steve Nikolaus,male,2007-11-18,18,18 to 34,Bourne,Massachusetts,US,Never Married,English
67cbf090-4ddb-4799-99ff-a28abe2740b1,Casandra Emmerich,female,1986-05-23,40,35 to 54,Boston,Massachusetts,US,M,English
8d1f86a8-3284-43bd-b45e-5931948c97e4,Latanya Kohler,female,1949-05-14,77,70 to 84,Fall River,Massachusetts,US,M,English
4e8ed886-fd5f-40bb-8feb-f339b04d853a,Alberto Atencio,male,1993-06-07,33,18 to 34,Boston,Massachusetts,US,M,Spanish
e24537ec-c094-4b68-9fb1-c4a418de84ed,Sylvester Kshlerin,male,1963-07-11,63,55 to 69,Winchester,Massachusetts,US,M,English
e62229aa-7327-48d5-bbe8-6b8295de0e55,Lonnie Von,male,1950-08-03,76,70 to 84,Randolph,Massachusetts,US,S,Chinese
b218cee9-019d-47a4-b161-e97c0fd6f736,Morris Lockman,male,1970-12-24,55,55 to 69,Somerset,Massachusetts,US,M,English
34a17aef-dd20-4eda-bf6c-f121e454616d,Tony Beer,male,1946-10-19,79,70 to 84,Boston,Massachusetts,US,M,English
ed6a17f3-deb2-4e7a-9548-5d15d2d47c05,Paola Johnston,female,1924-12-30,101,85 plus,Boston,Massachusetts,US,M,English
37d21e26-efbe-46cb-83f5-eb0a7199ced6,Damion Strosin,male,1959-02-23,67,55 to 69,Granby,Massachusetts,US,M,English
beeb8131-bd2f-46e7-aa10-6553343d32ce,Nicky Little,male,1965-08-05,61,55 to 69,Plymouth,Massachusetts,US,M,English
b93452c9-fb17-4666-909e-b10bb074407b,Tamatha Witting,female,1948-05-29,78,70 to 84,Kingston,Massachusetts,US,M,English
a3d8b846-e2b6-4102-9943-d329a9b06ea8,Opal Terry,female,2010-12-08,15,0 to 17,Clinton,Massachusetts,US,Never Married,English
c0d63c39-42aa-4f2c-9669-fa487d5f6f54,Jeffry Jenkins,male,1998-02-06,28,18 to 34,Boston,Massachusetts,US,Never Married,English
7e50540e-d263-4fd4-a2da-b97279871200,Kyla Zulauf,female,1941-10-19,84,70 to 84,Canton,Massachusetts,US,M,English
2a86a2c6-0885-4046-a09d-9d2474d9a493,Shane Jast,male,1910-09-19,115,85 plus,Reading,Massachusetts,US,M,English
1fc53917-6bc1-4f87-9008-c91e94f0e188,Mario Dietrich,male,1965-12-17,60,55 to 69,Chicopee,Massachusetts,US,M,English
9da7d8c2-daef-4722-832e-dcf495d13a4e,Reba Nolan,female,1950-01-12,76,70 to 84,Norwood,Massachusetts,US,M,English
1ac8947d-038f-4cc7-81fa-a32e694187e8,Vanda Franecki,female,1948-04-26,78,70 to 84,Holyoke,Massachusetts,US,M,French
c20ccf5d-19ac-4dfe-bdc3-3d1d6344facc,Bradly Pfannerstill,male,2009-08-31,17,0 to 17,Braintree Town,Massachusetts,US,Never Married,English
d64b37f5-d3b5-4c25-abe8-23ebe8f5a04e,Benito Lucio,male,1936-08-18,90,85 plus,Boston,Massachusetts,US,M,Spanish
dbf9798e-4b52-4cd9-a9eb-ec36149c859a,Addie Tremblay,female,1992-03-30,34,18 to 34,Springfield,Massachusetts,US,M,English
963dabe4-84e7-4751-b432-e34bdbdbde05,Marcos Delagarza,male,1992-09-20,33,18 to 34,Boston,Massachusetts,US,M,Spanish
6d23a95e-7e18-4201-90ec-9501fa89fbd2,Alfreda Wyman,female,1980-10-28,45,35 to 54,Wilmington,Massachusetts,US,M,English
0ac13d55-d566-450a-aea0-f6a71f1ad73b,Dennis Durgan,male,1949-04-19,77,70 to 84,Grafton,Massachusetts,US,S,English
3ce34794-f9f4-45a0-824e-19760b2f80c8,Marlin Kuphal,male,1941-08-11,85,85 plus,Pepperell,Massachusetts,US,M,English
9a82c90c-ba2d-4b36-a523-ee13e38b8e39,Devin Bailey,male,1952-01-17,74,70 to 84,Granby,Massachusetts,US,S,English
6bb97c2b-8762-4763-ad16-2d88db590b74,Dannie Schmitt,female,1981-07-23,45,35 to 54,Norwood,Massachusetts,US,M,English
3eba51ce-4d42-4e70-b1a9-136c6721ea56,Dominic Thiel,male,1961-09-08,64,55 to 69,Dedham,Massachusetts,US,M,English
365d73bb-4e5f-4f7d-8aa0-a5f46289b915,Deedra Lockman,female,2004-02-13,22,18 to 34,Lexington,Massachusetts,US,Never Married,English
0a616e8d-e5d1-463e-af36-c2a4d4803be5,Peter Wunsch,female,1956-04-15,70,70 to 84,Duxbury,Massachusetts,US,M,English
f17e9000-364e-466f-9a73-427cbdcead3d,Rick Prohaska,male,1915-07-03,111,85 plus,West Springfield Town,Massachusetts,US,M,English
9efca32a-04f9-438a-990c-a287e8b62aac,Vito Feeney,male,1910-09-19,115,85 plus,Reading,Massachusetts,US,M,English
0d585094-1e04-4c71-8735-444e99bf7a99,Mao Kilback,female,2018-08-14,8,0 to 17,Stoneham,Massachusetts,US,Never Married,English
dba34946-91c6-464b-b8eb-c02f01e23c4f,Zachariah Osinski,male,1920-10-03,105,85 plus,Westwood,Massachusetts,US,M,Portuguese
8c0f46f4-dd7b-4a5f-bd35-f0f41a2f8882,Matt Runte,male,1962-09-19,63,55 to 69,Westport,Massachusetts,US,S,English
32cd9fa4-7a32-4de1-bce2-548e37151540,Vito Cole,male,1970-04-21,56,55 to 69,Gardner,Massachusetts,US,M,English
cd94c5d0-a196-4991-bdcc-6923d6590598,Oda Gerlach,female,1937-06-03,89,85 plus,Holyoke,Massachusetts,US,M,English
b16cc087-d48a-4292-a78c-aba3e85e516e,Hassan Jacobi,male,1964-09-26,61,55 to 69,Lawrence,Massachusetts,US,M,English
a92edacf-c0ab-4fc4-931f-033a8d4bf314,Nereida Rogahn,female,1995-10-29,30,18 to 34,Fall River,Massachusetts,US,Never Married,English
d78af07c-9cb9-4f31-9b11-c45a28f2eec8,Clemente Kreiger,male,1984-07-02,42,35 to 54,Wilmington,Massachusetts,US,M,Chinese
a539adfd-de8f-4cb5-bd45-a084b89be0e1,James West,female,2016-10-31,9,0 to 17,Braintree Town,Massachusetts,US,Never Married,English
55b33527-6ab6-45b9-b181-25e08e3da8e4,Jordon Weimann,male,2006-05-18,20,18 to 34,Boston,Massachusetts,US,Never Married,English
cf5f5ab6-3540-42ec-8c7c-c45f9f11ad2f,Sylvia Monahan,female,1952-05-23,74,70 to 84,Marlborough,Massachusetts,US,M,English
bc1fe641-74ad-4eea-9f9b-5df10b94fc97,Mohamed Hermann,male,1996-10-29,29,18 to 34,Wareham,Massachusetts,US,Never Married,English
9df87ee4-4ade-45c5-8601-910e8ff9db99,Beatrice Aufderhar,female,1926-06-06,100,85 plus,Sterling,Massachusetts,US,M,English
bfe0a5d7-986b-46ed-b355-9ca232c4688e,Weston Fay,male,1930-05-09,96,85 plus,Bridgewater,Massachusetts,US,M,English
4abd4e21-7776-47bd-91c8-36ee607c1398,Shasta Towne,female,1995-11-22,30,18 to 34,Taunton,Massachusetts,US,Never Married,English
a6889c6d-6915-4fac-9d2f-fc6c42b3a82e,Buddy MacGyver,male,1915-07-03,111,85 plus,West Springfield Town,Massachusetts,US,M,English
ba18818d-faef-44cd-9744-b12d8973d402,Adalberto Hartmann,male,1949-11-29,76,70 to 84,Worcester,Massachusetts,US,M,English
d39173c2-7dc5-4a08-aba0-3f14f6b70d94,Adán Pulido,male,1936-08-18,90,85 plus,Boston,Massachusetts,US,M,Spanish
22d7a9b8-7756-4eb7-a95f-6e86e0c93761,María Luisa Razo,female,1973-08-01,53,35 to 54,Lexington,Massachusetts,US,M,Spanish
bf3cb50a-d753-4ddc-ad83-839250edcba9,Angelita Howe,female,2002-12-02,23,18 to 34,Medford,Massachusetts,US,Never Married,English
616eaeb2-a67a-44e5-a7e6-9bbd85e47c5c,Ned Hintz,male,1993-12-08,32,18 to 34,Halifax,Massachusetts,US,M,Portuguese
45a69bf0-7116-4f9f-a1d9-29700439b4a4,Jonah Ruecker,male,1957-05-29,69,55 to 69,Middleborough,Massachusetts,US,M,English
0f49d2d0-59be-4f72-a22b-0a582367b44b,Michele Wolf,female,1941-09-14,84,70 to 84,Yarmouth,Massachusetts,US,M,English
ee9f8dd8-72d2-4769-8020-89e504b1504b,Liz Conn,female,1986-11-28,39,35 to 54,Beverly,Massachusetts,US,M,English
d9427379-943a-42c1-b3d0-6b5056a12696,Stephen McLaughlin,male,1979-04-28,47,35 to 54,Marlborough,Massachusetts,US,S,English
fc5a70dc-3adf-4e0b-94b6-461f2d8c334f,Rusty Weimann,male,2009-07-07,17,0 to 17,Brockton,Massachusetts,US,Never Married,English
1ae0605d-e5b8-4d6d-a96d-c93dcbd57e06,Luigi Wiegand,male,2020-10-20,5,0 to 17,Quincy,Massachusetts,US,Never Married,English
4ab63f42-aa13-45cb-86bf-bdec7ea43fd2,Xuan Christiansen,female,2000-03-14,26,18 to 34,Arlington,Massachusetts,US,Never Married,English
cf842278-01a7-4be1-8830-22d8ba5991b1,Judi Schamberger,female,2007-06-24,19,18 to 34,Uxbridge,Massachusetts,US,Never Married,English
272539c2-e516-4f16-8f47-573923bf9924,Jorge Brekke,male,2012-11-11,13,0 to 17,Norwood,Massachusetts,US,Never Married,English
274b7371-cb91-4b85-82a2-eabc4aa77779,Norbert Ferry,male,1952-03-28,74,70 to 84,Holliston,Massachusetts,US,M,English
98ab6aa3-882b-4206-8a91-e9a8dfa69008,Rufus Kihn,male,1976-09-16,49,35 to 54,Greenfield Town,Massachusetts,US,M,Portuguese
53ead9ff-9ae0-432f-a314-017550d0420c,Valentin Keeling,male,1981-02-02,45,35 to 54,Worcester,Massachusetts,US,S,English
d809375c-fef0-42fa-8529-603016123ea5,Natalia Ruelas,female,1971-07-05,55,55 to 69,Rockland,Massachusetts,US,M,Spanish
51764196-d9e4-4713-86a5-7bdc6847bd01,Rudy Macejkovic,male,1961-10-30,64,55 to 69,Barnstable Town,Massachusetts,US,S,English
e2d08f86-4813-4f3a-971f-87c09e0ec0c7,Malcolm Dach,male,1978-05-26,48,35 to 54,Newton,Massachusetts,US,M,English
c931bf62-c468-49f1-9ef7-93ccbc949a87,Jermaine Breitenberg,male,1974-01-26,52,35 to 54,New Bedford,Massachusetts,US,M,English
4e9ac5eb-f87d-4c8d-80d0-07d9a01c94d1,Israel Sanford,male,1965-06-28,61,55 to 69,Northbridge,Massachusetts,US,M,English
d4dd52b4-152b-4748-9abd-6cc91a9e2be1,Robby Becker,male,1974-02-14,52,35 to 54,Rockland,Massachusetts,US,M,English
76e3464d-4f85-4cbf-af90-0866063056cc,Marc Corkery,male,1977-08-10,49,35 to 54,Millbury,Massachusetts,US,M,English
f46d1649-8a02-4de8-8cff-f76fae267d3a,Trey Berge,male,1913-01-13,113,85 plus,Georgetown,Massachusetts,US,M,English
f1f26587-7199-4c0f-880d-d9cd0799ac15,Royal DuBuque,male,1997-06-27,29,18 to 34,Cambridge,Massachusetts,US,Never Married,English
3d6cdb4d-8387-4e3d-97ca-f01c30122329,Preston Cummerata,male,2008-05-13,18,18 to 34,Foxborough,Massachusetts,US,Never Married,English
79c96478-7878-4703-9e94-b999f2bc3295,Tony Douglas,male,1972-04-18,54,35 to 54,Medford,Massachusetts,US,M,English
8a6f7e61-55dc-4dc3-bf12-b3531b690b05,Versie Botsford,female,2018-05-22,8,0 to 17,Ayer,Massachusetts,US,Never Married,English
f70bdfe3-5925-4ab5-bf9b-6369d2004eeb,Randolph Wisoky,male,1959-12-07,66,55 to 69,Hanson,Massachusetts,US,M,English
2c4e4abf-b81d-4791-9046-7cdff816061f,Sandi Gerlach,female,1954-01-20,72,70 to 84,Boston,Massachusetts,US,M,English
f03992c7-caa3-4534-9776-8e83259bb98e,Suzan Sanford,female,1964-02-12,62,55 to 69,Newton,Massachusetts,US,M,English
fdc61ab3-9be9-412c-b470-dfa65cb5e6e6,Joie Morissette,female,1974-09-26,51,35 to 54,Yarmouth,Massachusetts,US,M,English
f2012e2f-8631-476e-94a8-57ec2ae01d2e,Zula Beer,female,1950-09-30,75,70 to 84,Northampton,Massachusetts,US,S,English
31e064cb-7fff-42ba-b8be-f56531f4eb1f,Pierre Bosco,male,1968-02-23,58,55 to 69,Adams,Massachusetts,US,M,English
6d6dfbdb-0a26-45c9-95f3-5c30ae39c2cd,Leonardo Heaney,male,1967-09-02,59,55 to 69,Hingham,Massachusetts,US,M,English
7e8fa5f4-2b82-42f4-ac84-546a11500bf5,Michal Collier,male,2006-03-25,20,18 to 34,East Bridgewater,Massachusetts,US,Never Married,English
3f76db0e-4f33-4ded-b815-1500f47618f4,Tyrell Kuphal,male,2006-02-13,20,18 to 34,Lakeville,Massachusetts,US,Never Married,English
a656ed17-26cc-47cb-981e-22207719cc22,Jackson Bode,male,2002-06-30,24,18 to 34,Worcester,Massachusetts,US,Never Married,Russian (Russia)
bae2bf00-eca1-47fb-bb43-272f8de1449c,Louis Maggio,male,1976-01-16,50,35 to 54,Milford,Massachusetts,US,M,English
ad5f593e-8dc6-41f9-b458-74843e268431,Mitch Leannon,male,1955-04-12,71,70 to 84,Springfield,Massachusetts,US,Never Married,English
15e2659f-d069-4b26-8a61-9bd62694d8e0,Sharmaine Yost,female,1942-08-06,84,70 to 84,Dennis,Massachusetts,US,M,English
620346f3-d278-44c7-85c1-0d24ab1f7ca3,Mary Lind,male,2016-05-12,10,0 to 17,Athol,Massachusetts,US,Never Married,English
75846ad8-d173-4824-b414-f4d15f0963a3,Kizzie Bode,female,2006-03-30,20,18 to 34,West Brookfield,Massachusetts,US,Never Married,English
806be451-d26f-436c-829c-9da92bde28f0,Rudolf Weber,male,1987-10-07,38,35 to 54,Westford,Massachusetts,US,M,English
be23efb3-8311-4cb1-aa2e-a7bc9958f442,Osvaldo Graham,male,1981-12-26,44,35 to 54,Cambridge,Massachusetts,US,S,English
7a1d7980-05d3-48ab-a3eb-48ac40a5db6d,Moises Rohan,male,2019-03-16,7,0 to 17,Milton,Massachusetts,US,Never Married,English
d5457ac9-b89e-4b36-9632-568eec511981,Robbin Gutmann,female,1979-12-03,46,35 to 54,Mendon,Massachusetts,US,M,English
b3166d04-e777-4bbf-97fb-b1f0b49ec35d,Janene Lind,female,2007-03-02,19,18 to 34,Dennis,Massachusetts,US,Never Married,Greek
e3fe3889-3e2c-4285-a923-448be93a8e73,Wiley Wisoky,male,1972-03-30,54,35 to 54,Brookline,Massachusetts,US,M,English
ebb1f0e2-4fa6-4889-a43b-9cda3c737078,Jessi Parisian,female,1988-02-14,38,35 to 54,Burlington,Massachusetts,US,M,Hindi
33fe8be3-339f-4c63-904e-101edba71ab5,Norine Bruen,female,1980-08-23,46,35 to 54,Easton,Massachusetts,US,M,English
8008b382-91cc-468f-95e5-7d6982b7ebb9,Max Dicki,male,1942-09-13,83,70 to 84,Walpole,Massachusetts,US,S,English
71a8a403-9ec4-4677-96f6-5a1f53c89da0,Lavelle Kuvalis,female,1942-03-19,84,70 to 84,Pittsfield,Massachusetts,US,S,English
5b6f6c39-f3ac-443a-859b-9ace3335e4a8,Karl Schowalter,male,1939-01-27,87,85 plus,Boston,Massachusetts,US,M,English
58f620b1-910c-41b8-81cf-f8c7afd828b6,Karena Pfeffer,female,1994-12-21,31,18 to 34,Shrewsbury,Massachusetts,US,Never Married,English
563460b4-b997-4772-a548-a9f877eb4c12,Lemuel Hodkiewicz,male,1989-02-24,37,35 to 54,Athol,Massachusetts,US,M,English
4551370c-c3eb-4164-a2ff-b528f73a4e0f,Octavio Dickens,male,1997-03-03,29,18 to 34,Northampton,Massachusetts,US,Never Married,English
523ce6ff-60bd-4d69-a8b4-9770f0e8e9f7,Ossie Rodriguez,female,2014-12-07,11,0 to 17,Ware,Massachusetts,US,Never Married,English
3afaeb2a-9f18-40b5-8fe7-dfd882de2f2b,Jordan Cruickshank,female,1965-07-05,61,55 to 69,Holyoke,Massachusetts,US,S,German (Germany)
0cd536b8-674b-4bae-b0b0-181400ffc022,Roma Funk,female,2012-02-19,14,0 to 17,Springfield,Massachusetts,US,Never Married,English
082fd114-0415-4ce4-8293-0caebb0fe9de,Willy Koepp,male,1977-04-11,49,35 to 54,Dedham,Massachusetts,US,M,English
7e286375-20a8-4909-a874-1c5e0eb8e765,Lee Hegmann,male,1951-06-23,75,70 to 84,Stoughton,Massachusetts,US,M,English
31052ccc-7804-4268-b953-741322eed47e,Lupe Little,male,1982-04-07,44,35 to 54,Falmouth,Massachusetts,US,M,English
99135849-9d98-4ff4-9d2f-2c4bb5ea8e9d,José María Casares,male,1974-07-05,52,35 to 54,Millis,Massachusetts,US,M,Spanish
32342551-fcab-4a4f-bbcd-1e4bc156d781,Shavonne Schaefer,female,2019-02-18,7,0 to 17,Boston,Massachusetts,US,Never Married,English
76d2fa2d-66a6-4823-8dab-52cd70822844,Reyna Ziemann,female,1974-02-28,52,35 to 54,Raynham,Massachusetts,US,M,English
195bd73c-1ef3-400d-9269-a0d9042afafe,Judson Eichmann,male,1982-07-29,44,35 to 54,Boston,Massachusetts,US,S,English
76703553-5395-4580-b903-b91220ba5872,Odilia Feeney,female,1996-06-26,30,18 to 34,Topsfield,Massachusetts,US,Never Married,French
f02ede18-83f8-4ac9-b9e3-c27754c10e8e,Marion Wintheiser,male,1955-04-12,71,70 to 84,Springfield,Massachusetts,US,M,English
924d8c31-3972-475d-b486-821d4d4c8d59,Lyle Baumbach,male,1951-04-30,75,70 to 84,Easthampton Town,Massachusetts,US,M,English
5fbee500-9b99-4dad-bce4-0a4de9f9f3b9,Marsha Hayes,female,1980-07-30,46,35 to 54,Newton,Massachusetts,US,M,English
835a3b08-e3b6-49c4-a23f-1fac8dc7a7a7,Kirsten Witting,female,1948-06-14,78,70 to 84,Quincy,Massachusetts,US,M,English
110396c2-823b-4e1e-bd4a-2d7df214cd8b,Micaela Romero,female,1994-04-14,32,18 to 34,Chelsea,Massachusetts,US,Never Married,Spanish
eed9a33b-24f1-4570-9b72-b18622b85098,Xavier Lueilwitz,male,1975-04-17,51,35 to 54,Newton,Massachusetts,US,M,English
fa13bf47-8c74-40dd-a976-94deeada0e17,Tobie Rempel,female,1934-04-09,92,85 plus,Chicopee,Massachusetts,US,M,English
25477ae6-0c1e-428f-8814-f80acc4d2bcb,Stan Steuber,male,1969-05-08,57,55 to 69,Freetown,Massachusetts,US,M,English
f39b0478-5d39-41ba-a0e7-1c5dd6987af9,Yi Weissnat,female,2002-12-22,23,18 to 34,Cambridge,Massachusetts,US,Never Married,English
c36d05b1-36eb-4faa-809e-832002f431a7,Malik Ward,male,1957-04-24,69,55 to 69,Fall River,Massachusetts,US,M,English
fa8cdd1f-d2d8-476c-9247-b279dddd595d,Junita Labadie,female,2019-10-23,6,0 to 17,Reading,Massachusetts,US,Never Married,English
25603bc3-a2e8-4208-8375-3d2162a005fe,Max Kris,male,1920-04-23,106,85 plus,Chicopee,Massachusetts,US,M,English
6099858f-4c54-4c3e-a3f3-01e678457cc0,Stanley Balistreri,male,1992-04-30,34,18 to 34,Springfield,Massachusetts,US,M,English
91c91ff0-b32f-45e0-b921-54c84ff40a1d,Nelida Gislason,female,1949-08-09,77,70 to 84,Quincy,Massachusetts,US,S,English
7461384e-130e-4fb8-a4ba-c0c80fee3f7a,Janine Purdy,female,1977-11-03,48,35 to 54,Boston,Massachusetts,US,S,English
eecd5395-d638-4b9d-bb79-2d10a475459d,Sydney Oberbrunner,male,1910-09-19,115,85 plus,Reading,Massachusetts,US,M,English
51a34344-0cae-44ac-94ef-8d46bce612dc,Thanh Considine,male,1970-10-27,55,55 to 69,Melrose,Massachusetts,US,M,English
5c79bba4-62e4-46f5-862e-0a84a364dd33,Libbie Shields,female,1954-07-13,72,70 to 84,Quincy,Massachusetts,US,S,English
3e757f52-60a6-49c0-972c-c9339605a836,Trent Donnelly,male,2016-08-29,10,0 to 17,Lawrence,Massachusetts,US,Never Married,English
b91edab6-1db2-46e5-b074-d089e6fb5626,Tasha Miller,female,1938-08-08,88,85 plus,Boston,Massachusetts,US,M,English
9d0ca735-9ba6-451a-9a6c-9d356fd7150e,Violet Gerhold,female,2017-02-25,9,0 to 17,Chelmsford,Massachusetts,US,Never Married,English
7b9146b3-8b1b-4cf9-af36-530d8c4fcf05,Theola Stoltenberg,female,2006-11-24,19,18 to 34,Taunton,Massachusetts,US,Never Married,English
8adf7251-257f-4b45-8ef5-0a6b3b9fe0ef,Milan Beatty,male,1973-11-24,52,35 to 54,Gloucester,Massachusetts,US,S,English
af62299e-c617-433e-a736-1470772d921f,Lenard Dibbert,male,1972-10-30,53,35 to 54,Lynn,Massachusetts,US,M,German (Germany)
6b223f89-e726-44da-81ad-03d30fc61254,Lea Connelly,female,1947-05-06,79,70 to 84,Lynn,Massachusetts,US,M,English
b465d605-3571-49bc-9c06-e3e23f45cb50,Keira Huel,female,1926-06-06,100,85 plus,Sterling,Massachusetts,US,M,English
203dd3d9-adaf-44bd-b2ac-b7b2fa9ae1f4,Sabra Hahn,female,1944-04-09,82,70 to 84,Milton,Massachusetts,US,M,Italian
c62c4edb-9793-47c7-9706-8bdfc30a91ad,Maurice Mohr,female,2004-03-12,22,18 to 34,Uxbridge,Massachusetts,US,Never Married,English
64cee79e-2414-482a-94e7-e7223936f904,Rodrigo Mesa,male,1953-07-11,73,70 to 84,Waltham,Massachusetts,US,M,Spanish
1299e4b5-bed9-4574-9233-ddfeb48d5c42,Kathe Zieme,female,1968-04-18,58,55 to 69,Barnstable Town,Massachusetts,US,M,English
02f19698-ca4a-4a67-b343-0819ff6fce66,Vida Schultz,female,1924-06-16,102,85 plus,Weston,Massachusetts,US,M,English
61743a71-05b3-455d-802f-c379ffc65b40,Norma Pagan,female,2001-08-02,25,18 to 34,Boston,Massachusetts,US,Never Married,Spanish
fe511514-cff6-4951-8b42-a9ecb773170f,Julietta Ondricka,female,1996-11-05,29,18 to 34,Westford,Massachusetts,US,Never Married,English
ca3d7b05-f954-4490-a2fd-6905ca5a9a26,Jarred Stracke,male,1915-07-03,111,85 plus,West Springfield Town,Massachusetts,US,M,English
75a4631d-2cd8-4c77-afb6-740bad394ea1,Tristan Gleason,male,1951-07-30,75,70 to 84,Worcester,Massachusetts,US,M,English
d4b7793b-d7f8-4621-93df-1269712bd566,Kirby Cummerata,female,1994-01-14,32,18 to 34,Boston,Massachusetts,US,M,English
6c66913a-080e-42b7-ad79-b27dcab53e85,Tyrell Towne,male,2005-05-29,21,18 to 34,Boston,Massachusetts,US,Never Married,English
0c15e136-827d-4d70-a5b1-a63bf159b31c,Loma Johns,female,1926-06-06,100,85 plus,Sterling,Massachusetts,US,M,English
cd3f83d7-5cf6-4722-b468-e8c2ddeccabc,Marcelina Hyatt,female,2002-11-20,23,18 to 34,Boston,Massachusetts,US,Never Married,English
718413e0-9b98-4c34-9575-fdb4e5179738,Stephenie Schowalter,female,1987-10-12,38,35 to 54,Raynham,Massachusetts,US,S,English
9184e31a-a2b3-4b8d-9032-d5377cabaa08,Sherron Kutch,female,2011-03-01,15,0 to 17,Cambridge,Massachusetts,US,Never Married,English
5654564d-5ae1-407c-8bcc-e7f96f773633,Reuben Lind,male,1974-01-25,52,35 to 54,Chicopee,Massachusetts,US,M,English
b3e91d87-e3a1-47f4-88ff-7013fd4a6a93,Manuel Benavides,male,2002-04-17,24,18 to 34,Reading,Massachusetts,US,Never Married,Spanish
f26c357d-6c69-401f-a505-0413901cb401,Trent Jaskolski,male,1992-08-17,34,18 to 34,Tyngsborough,Massachusetts,US,M,English
e86e9cae-89a3-44bf-9033-32a2d56f5113,Tracey Witting,male,1938-04-09,88,85 plus,New Bedford,Massachusetts,US,M,Portuguese
e78851aa-0fe0-48bf-9a66-510d6b46386e,Sang Luettgen,female,1963-03-28,63,55 to 69,Templeton,Massachusetts,US,S,English
437ea3a5-f3b6-4cec-8bb3-a426da296edd,Rory Schulist,female,1958-10-18,67,55 to 69,Chicopee,Massachusetts,US,M,English
d4456fef-9f85-47c6-81c3-1dc1c2924326,Miguel Garibay,male,1937-02-13,89,85 plus,Billerica,Massachusetts,US,M,Spanish
feb67a40-0da5-4855-a7b2-2b5e11f48c5f,Nona Kris,female,1924-06-16,102,85 plus,Weston,Massachusetts,US,S,English
f3721a5a-dfae-4933-b2fd-b001210c6b3b,Jenna Hagenes,female,1992-10-08,33,18 to 34,Boston,Massachusetts,US,M,English
6a73c7dc-a64f-4a20-940e-f8f191525088,Veta Nitzsche,female,1970-11-04,55,55 to 69,Westfield,Massachusetts,US,M,English
fe0153b2-d2ce-418e-af79-5b84587ad82c,Trey Leffler,male,1957-07-01,69,55 to 69,Norwood,Massachusetts,US,M,English
31055311-1cd4-432e-b864-07f395956526,Olen Kulas,male,1954-12-27,71,70 to 84,Rockland,Massachusetts,US,S,English
a4fbfefa-4eee-4963-9f29-247fa46e1410,Yaeko Haley,female,2000-02-07,26,18 to 34,Lynn,Massachusetts,US,Never Married,English
beaf00da-c197-4e72-8b27-7ee1131348f1,Matt Mosciski,male,1994-07-02,32,18 to 34,New Bedford,Massachusetts,US,Never Married,English
7c483976-15af-49ce-97ad-81a13cf5f303,Isaura Dietrich,female,1924-06-16,102,85 plus,Weston,Massachusetts,US,M,English
ff9840e8-5f06-4672-90c4-6506856b3d20,Vicenta Maggio,female,1924-06-16,102,85 plus,Weston,Massachusetts,US,S,English
618b2992-eec7-45c9-8544-12c9f586b78c,Jesus Smitham,male,1953-01-10,73,70 to 84,Chicopee,Massachusetts,US,S,English
457ad729-544f-4ed6-9eb4-20a2152a3687,Jena Terry,female,1924-06-16,102,85 plus,Weston,Massachusetts,US,M,English
ae6225ec-c4c0-400f-bbcd-4aba181be869,Margarita Montalvo,female,2000-06-16,26,18 to 34,Woburn,Massachusetts,US,Never Married,Spanish
bb9a9324-aefe-4ff7-9535-ec6795de8aaa,Tiera Boyle,female,1958-03-14,68,55 to 69,Somerville,Massachusetts,US,M,English
f813f3a1-2f4e-4e4c-a0ee-3d5dc5286ae8,Jules Marks,male,1995-06-07,31,18 to 34,Winthrop Town,Massachusetts,US,Never Married,English
ec6a274e-5090-45c9-b153-e40418f6fa3d,Parker Casper,male,1952-07-31,74,70 to 84,North Andover,Massachusetts,US,S,English
f7ae627c-3c71-41fe-b8c0-d3d9c336d449,Latosha Gleichner,female,2004-07-20,22,18 to 34,Pittsfield,Massachusetts,US,Never Married,English
0b896820-f478-4e9c-a456-acc676cf5640,Terrance Hahn,male,1958-04-07,68,55 to 69,Salem,Massachusetts,US,Never Married,English
cccb981f-2a12-44d0-b1dd-5404ece3f535,Wendell Lesch,male,1938-04-09,88,85 plus,New Bedford,Massachusetts,US,S,Portuguese
7f445dad-0907-4a3e-81a5-ad75ecdff752,Leonel Hand,male,1963-12-03,62,55 to 69,Belmont,Massachusetts,US,M,English
f194782e-be98-4311-96a9-ce8a2ea03313,Lamont Emard,male,1932-06-09,94,85 plus,Reading,Massachusetts,US,M,English
340044b6-332e-4cac-a95c-f0efe95fc105,Nicholle Crist,female,2003-04-24,23,18 to 34,Boston,Massachusetts,US,Never Married,English
38826a3f-8e5c-4846-95c3-7f12a233447d,Kim Bartoletti,male,2000-02-23,26,18 to 34,Lynn,Massachusetts,US,Never Married,English
97b86776-fa4e-46dc-b9a4-52c269e73da9,Marguerita Reilly,female,1987-12-31,38,35 to 54,East Longmeadow,Massachusetts,US,M,English
77f70af5-b53b-4e55-a122-8cd68784c258,Setsuko Stanton,female,1989-09-13,36,35 to 54,Melrose,Massachusetts,US,S,Hindi
6fed515d-df89-45cf-ac5a-a149a42c7b1d,Sina Yundt,female,1937-07-15,89,85 plus,Wareham,Massachusetts,US,M,English
f9fec38b-3c52-45de-bf48-53d5a993ce98,Kristopher Upton,male,1920-04-23,106,85 plus,Chicopee,Massachusetts,US,M,English
43f7ec4b-8cb9-4869-bc49-01b7c80ab49f,Joseph Goodwin,male,1951-12-25,74,70 to 84,Boston,Massachusetts,US,M,English
672ea8a4-b75b-4553-ac34-2f0f6b4e30cf,Maurice Bruen,male,1910-09-19,115,85 plus,Reading,Massachusetts,US,S,English
c92b99e8-0e77-4358-99bb-4b87d4f30bbe,Miguel Ángel Garica,male,1936-08-18,90,85 plus,Boston,Massachusetts,US,M,Spanish
7e1885c2-cb03-4883-8ce3-2e62c39257f3,Louis Ullrich,male,2001-09-08,24,18 to 34,Yarmouth,Massachusetts,US,Never Married,English
beaf0c3d-bcd4-4155-8a7b-f493bdc8f9fe,Martina Murazik,female,1953-05-22,73,70 to 84,Framingham,Massachusetts,US,M,English
7217c081-64cf-4e6c-b023-05c2e2dcf50c,Thanh Mosciski,female,1953-04-23,73,70 to 84,Brookline,Massachusetts,US,M,English
ac2c231f-86d3-43e0-ab69-7527cbd8ac05,Roberto Graham,male,1920-10-03,105,85 plus,Westwood,Massachusetts,US,M,Portuguese
d421c808-2605-41a4-9aaf-9d786528dc13,Paris Casper,male,1972-02-24,54,35 to 54,Adams,Massachusetts,US,M,English
dd2c219c-59dc-481c-bbcc-cc16744c2a18,Rickey Becker,male,1987-03-10,39,35 to 54,Boston,Massachusetts,US,M,French
148f10e1-2182-4297-ac1f-39bb9eca6f1a,Patria Schimmel,female,1974-05-21,52,35 to 54,Pembroke,Massachusetts,US,M,English
54d0aacd-9b70-4a62-91ac-af86c9408ae8,Oswaldo Mante,male,1954-12-27,71,70 to 84,Rockland,Massachusetts,US,M,English
9e2e28b1-1db8-489f-a5d4-3d7e6b2b3a0c,Jonelle Kohler,female,1966-05-23,60,55 to 69,Springfield,Massachusetts,US,M,English
2d526118-fb1d-44c0-9b0b-b8f6d4f2b4fb,Jacob King,male,1915-07-03,111,85 plus,West Springfield Town,Massachusetts,US,M,English
58c580cc-9bc9-4569-a51a-76db00935627,Lauren Witting,female,1964-10-13,61,55 to 69,Boxford,Massachusetts,US,M,English
0d1d30da-56ac-46ab-887e-5f0699593059,Murray Hane,male,1920-04-23,106,85 plus,Chicopee,Massachusetts,US,M,English
3a44aee2-523a-4e97-8f47-bd07c4926590,Shin Walker,female,1990-06-19,36,35 to 54,Plymouth,Massachusetts,US,M,Greek
eba03315-2043-442b-80a8-a4d8d265ac99,Man Schamberger,male,1949-04-19,77,70 to 84,Grafton,Massachusetts,US,M,English
e4d83502-457f-43e8-8682-10a2a965dc42,Tai Bailey,female,1924-12-30,101,85 plus,Boston,Massachusetts,US,S,English
c7792da2-a72f-4c0a-9dd8-05c5809008f1,Mathilda O'Keefe,female,2006-07-31,20,18 to 34,Needham,Massachusetts,US,Never Married,English
f341c771-5aff-4858-9406-9d45e8a56246,Jill Tillman,female,1971-05-18,55,55 to 69,Boston,Massachusetts,US,M,English
720b9118-3153-40c8-b162-cd963506be0e,Micah Schinner,male,1959-12-07,66,55 to 69,Hanson,Massachusetts,US,M,English
90f63176-64bb-46e3-a1c4-73a3968648aa,Leatrice McCullough,female,1964-12-08,61,55 to 69,Longmeadow,Massachusetts,US,Never Married,English
f28c99ef-9e43-430e-8c8f-59ce317a0ea3,Melony Williamson,female,1980-08-08,46,35 to 54,Freetown,Massachusetts,US,M,English
0e61c3ad-d11e-4080-a6aa-cac89cae4e37,Isaiah Schaden,male,1953-02-19,73,70 to 84,Plympton,Massachusetts,US,M,English
e9bbdf84-9348-4078-afba-6bb6e0b89d4b,Seymour Kessler,male,2006-04-02,20,18 to 34,Lynn,Massachusetts,US,Never Married,English
d483a480-4a42-428c-bf9b-fdbaddf78e21,Leonor Trujillo,female,1960-01-11,66,55 to 69,Boston,Massachusetts,US,M,Spanish
6f5557bb-1c8b-438a-a774-06a5cdf8cbab,Karla Kessler,female,1993-06-30,33,18 to 34,Newton,Massachusetts,US,M,English
138d4e0c-e3d3-460d-bead-7d0b2f86f33c,Meg Toy,female,1984-04-10,42,35 to 54,New Bedford,Massachusetts,US,M,English
f4a43e80-27e8-4581-95cb-9f3b115661c8,Sterling Rohan,male,1959-11-18,66,55 to 69,Fall River,Massachusetts,US,M,English
d4cdc6d2-f3f1-48c0-96d6-b64b68d79eb9,Reginald Auer,male,1941-08-11,85,85 plus,Pepperell,Massachusetts,US,M,English
91febabe-8992-49e1-8288-e34c393e98b9,Mayte Rodríguez,female,1944-04-27,82,70 to 84,North Reading,Massachusetts,US,M,Spanish
09013bed-6d2e-4f0a-9a2c-0c0a69b9e839,Lisbeth Donnelly,female,2003-08-26,23,18 to 34,Leominster,Massachusetts,US,Never Married,English
8364ff74-d904-442b-b984-f9d640531639,Tamiko Leffler,female,1964-06-22,62,55 to 69,Webster,Massachusetts,US,S,English
9535d7d4-3398-488d-83ea-ff3b7a2eddbf,Julio Ulibarri,male,1948-10-07,77,70 to 84,Milton,Massachusetts,US,S,Spanish
dba1d054-cce0-4fd8-94e3-9ee867667cfe,Jannet Davis,female,1953-03-10,73,70 to 84,Rehoboth,Massachusetts,US,M,English
3190019b-9001-4e31-a3c4-380b12b8002a,Wilson Marks,male,1975-09-11,50,35 to 54,Brookline,Massachusetts,US,M,English
fa502084-b7b5-489d-be55-796f87193372,Sofia Koepp,female,1975-01-09,51,35 to 54,Boston,Massachusetts,US,M,English
b13bd1f1-78c4-4cbe-b611-3bedd3bb796b,Jene Cummings,female,1989-05-31,37,35 to 54,Boston,Massachusetts,US,Never Married,Chinese
54034a85-d558-4047-b32a-ad82008f7199,Willia Runolfsdottir,female,1922-09-25,103,85 plus,Lowell,Massachusetts,US,S,English
f82f5556-260e-4ddd-83a0-9a93e0139732,Paula Kuvalis,female,1959-06-17,67,55 to 69,Boston,Massachusetts,US,M,English
d68b29cd-8c09-4db5-8da9-d7a5d0d64b6e,Robbi Fisher,female,1924-06-16,102,85 plus,Weston,Massachusetts,US,M,English
74cb7e08-565b-4242-814c-e2f9302dcd90,Val Mertz,male,2007-02-14,19,18 to 34,Maynard,Massachusetts,US,Never Married,Chinese
3da2d189-8f07-4a22-9c10-bb29e9991430,Kerry Cormier,male,1956-05-04,70,70 to 84,Lawrence,Massachusetts,US,M,English
e14502ae-d3d0-4a52-8b5e-7a833f1a3bf4,Patria Schamberger,female,1969-06-09,57,55 to 69,Boston,Massachusetts,US,M,English
3819264d-f39e-44cf-9e89-63078b714a0f,Werner Funk,male,1915-07-03,111,85 plus,West Springfield Town,Massachusetts,US,M,English
b0d28084-fcad-4af2-9a3d-c0090a6e294a,Rhett Kuhlman,male,2003-03-17,23,18 to 34,Pembroke,Massachusetts,US,Never Married,English
d34e9e2d-a81a-407d-9527-82d1fdb06421,Jacob Larson,male,1981-02-14,45,35 to 54,Taunton,Massachusetts,US,M,English
18088fa5-2146-4737-a60d-cf1d30c7c6fa,Stevie Cormier,male,1920-04-23,106,85 plus,Chicopee,Massachusetts,US,S,English
0fc1eab4-7b07-4203-9fa3-34a965a25b2a,Leonardo Gerlach,male,1943-07-16,83,70 to 84,Sherborn,Massachusetts,US,M,English
15661112-796c-460c-bf7a-6b297e33f113,Owen Howe,male,1939-06-29,87,85 plus,Walpole,Massachusetts,US,S,English
41dd486d-2eac-4b15-bb4c-e05f3e95428f,Tonia Quitzon,female,1942-07-02,84,70 to 84,Boston,Massachusetts,US,S,English
24f613b9-5694-4436-b781-bc0276867ac2,Rashad Blick,male,1981-02-02,45,35 to 54,Worcester,Massachusetts,US,Never Married,English
543816ab-27fc-462d-8179-bf3156c4783a,Paris Jaskolski,male,1910-09-19,115,85 plus,Reading,Massachusetts,US,M,English
95efed54-0648-4faf-a179-9a2b3c45e92d,Suzi Bechtelar,female,1986-05-05,40,35 to 54,Dover,Massachusetts,US,M,English
b4ea5671-8166-4ada-8040-8fc9292d6beb,Regena Moore,female,1964-12-08,61,55 to 69,Longmeadow,Massachusetts,US,M,English
2354df0f-349f-4042-a827-2ef12013e69d,Napoleon Ullrich,male,1995-01-08,31,18 to 34,Worcester,Massachusetts,US,Never Married,English
da2c7b0a-791a-4b8f-9a30-dc3d8cf1ec75,Tom Goodwin,male,1968-04-30,58,55 to 69,Carver,Massachusetts,US,S,English
7f377edc-2971-41d6-aecf-db9dabffe9dd,Lacey Blick,female,1989-07-13,37,35 to 54,Framingham,Massachusetts,US,M,English
9acbf6dd-e2b1-42cd-9a8b-259b519491d6,Rich Kshlerin,male,1941-02-26,85,85 plus,Southborough,Massachusetts,US,M,Portuguese
cc97102a-a0ce-4d18-acd3-9229b47c31c0,Jenee Turcotte,female,1979-12-30,46,35 to 54,Yarmouth,Massachusetts,US,M,English
ecaea95c-46de-4ac9-a58d-4847d1a3e574,Stewart Stanton,male,1915-07-03,111,85 plus,West Springfield Town,Massachusetts,US,M,English
8f437924-8cad-441b-88d2-ff38c9363bde,Randall Stroman,male,1956-10-18,69,55 to 69,Burlington,Massachusetts,US,M,English
ab049f15-0df7-4702-b768-dcc3d6b3c536,Robby Jacobi,male,1913-01-13,113,85 plus,Georgetown,Massachusetts,US,M,English
4d58465c-4703-4c36-ab8f-2f935dc4bee7,Lakendra Roberts,female,1962-07-26,64,55 to 69,Quincy,Massachusetts,US,M,English
e65aa207-9ec7-493e-987b-b2c686f1af10,Laticia Dibbert,female,1948-11-08,77,70 to 84,Cambridge,Massachusetts,US,M,English
2807decf-744b-4abe-94ce-08c33ea905df,Trevor Turcotte,male,1960-12-23,65,55 to 69,Northborough,Massachusetts,US,S,English
1826f231-5570-4f7b-ad55-b12f99ba8ced,Korey Toy,male,1913-01-13,113,85 plus,Georgetown,Massachusetts,US,M,English
5214a564-9117-4ffc-a88c-25f90239240b,Jonathan Hermiston,male,1947-12-06,78,70 to 84,Brockton,Massachusetts,US,M,English
fdba4d87-c986-4650-9bf7-1f64c41cf297,Oretha Langworth,female,1926-06-06,100,85 plus,Sterling,Massachusetts,US,M,English
d48ac962-78c6-46cf-ba33-a24771bfa0e4,Jerrell Gerlach,male,1939-01-27,87,85 plus,Boston,Massachusetts,US,M,English
b85d7e00-3690-4e2a-87a0-f3d2dfc908b3,Twanda Rippin,female,1973-01-28,53,35 to 54,Beverly,Massachusetts,US,M,English
f1c01f54-8408-492f-aa92-e633953e8443,Kristie Effertz,female,1945-03-23,81,70 to 84,Worcester,Massachusetts,US,M,English
1b1cbdc7-7187-49f2-8607-c9325cffb004,Stanford Windler,male,1941-08-06,85,85 plus,Westford,Massachusetts,US,S,English
26b62bec-0651-4e88-b8e3-8323d5f1a7ec,Isaura Larkin,female,1950-01-12,76,70 to 84,Norwood,Massachusetts,US,M,English
11f2b925-43b2-45e4-ac34-7811a9eb9c1b,Loyd Connelly,male,1932-06-09,94,85 plus,Reading,Massachusetts,US,M,English
61845b03-0682-49c2-97fe-d766cfd4d406,Lavern Kassulke,male,1950-08-03,76,70 to 84,Randolph,Massachusetts,US,M,Chinese
72d8a40a-6aa4-4e62-a258-a973cf460658,Jed Pollich,male,1968-03-01,58,55 to 69,Plainville,Massachusetts,US,M,English
4e122e91-c63f-4112-a778-6ccf5abfd6f2,Hershel Marvin,male,1985-08-20,41,35 to 54,Melrose,Massachusetts,US,M,English
2be9b668-847a-4437-b33a-bdc38c665e08,Antonio Castellanos,male,1991-06-08,35,35 to 54,Dartmouth,Massachusetts,US,S,Spanish
af1667b5-ef55-4313-8e39-04c2ba4e4c1b,Andy Gusikowski,male,2018-06-07,8,0 to 17,Springfield,Massachusetts,US,Never Married,English
024b1b9b-57bc-4fae-9839-fa0656246b41,Brett Gottlieb,male,1989-11-14,36,35 to 54,Boston,Massachusetts,US,M,English
845ac958-8036-45ee-9112-eac31d9b4f30,Antonio Carmona,male,2000-10-22,25,18 to 34,Abington,Massachusetts,US,Never Married,Spanish
64f4649d-8d2e-40ae-811d-7316accdf5ee,Claudie Walsh,female,2019-05-22,7,0 to 17,Taunton,Massachusetts,US,Never Married,English
0af711aa-5601-49cd-987e-162e8dac3525,Bonnie Marvin,female,1996-09-26,29,18 to 34,Boston,Massachusetts,US,Never Married,English
efe58fa2-c6df-4a71-8e37-06c5e4f1e2b8,Emery Purdy,male,1967-07-27,59,55 to 69,Worcester,Massachusetts,US,M,English
d070e7dd-4d25-4c52-9fb2-78d232e1cf2c,Enda Schaefer,female,2020-04-09,6,0 to 17,Rutland,Massachusetts,US,Never Married,English
deaa60ba-499a-4d3f-8b8f-78f10ae34c0e,Crysta Rogahn,female,2003-06-01,23,18 to 34,Weymouth Town,Massachusetts,US,Never Married,English
37a619bc-e2ff-4714-86ec-f68238a705cd,Errol Walker,male,1997-07-16,29,18 to 34,Mattapoisett,Massachusetts,US,Never Married,English
2dd6fdd7-8270-4f4c-ac1c-b7f81aec6178,Hunter Herman,male,1995-07-29,31,18 to 34,Everett,Massachusetts,US,Never Married,English
97e57d8e-d075-48db-b933-2f73bda460ef,Deidre Daniel,female,1981-10-31,44,35 to 54,Stoughton,Massachusetts,US,M,English
2141cd24-9c05-460c-9f87-4da6e8ec7a73,Bryan Breitenberg,male,1964-06-29,62,55 to 69,Berkley,Massachusetts,US,S,English
27de96c6-6910-4f0f-8f10-00ce6090f447,Agustín Fonseca,male,1994-02-01,32,18 to 34,Fall River,Massachusetts,US,M,Spanish
b9214fd9-52fa-45db-ba41-ccf7a45be7b4,Harlan McCullough,male,2003-05-25,23,18 to 34,Weymouth Town,Massachusetts,US,Never Married,English
acc12451-4ef0-414b-b072-48e780a90874,Ángela Guzmán,female,1989-06-16,37,35 to 54,Dartmouth,Massachusetts,US,M,Spanish
e4531916-b162-4f4b-90c2-ce37e132b8d4,Buster Hoeger,male,1988-03-16,38,35 to 54,Amherst,Massachusetts,US,M,English
579423cd-3384-4e7d-bf19-295a26d27524,Brain Erdman,male,1943-07-16,83,70 to 84,Sherborn,Massachusetts,US,Never Married,English
c3d9f92d-0956-4f12-9e90-6bed9db5f27d,Gerard Thiel,male,1954-03-23,72,70 to 84,New Bedford,Massachusetts,US,M,English
d6e95d44-d6b2-4963-80b0-079f8a3821c2,Earnestine Tillman,female,2013-01-16,13,0 to 17,Boston,Massachusetts,US,Never Married,English
c79b748f-a792-4aea-bca5-c7c9c5b188cd,Asa Hermiston,male,1971-03-03,55,55 to 69,Peabody,Massachusetts,US,M,English
e6d67197-97a1-499b-83f8-eea9ef95cf0c,Christin Stiedemann,female,1942-10-13,83,70 to 84,Foxborough,Massachusetts,US,S,Portuguese
0c2a34a4-d948-4917-98b8-f44a77e459d8,Ardith Welch,female,2014-11-09,11,0 to 17,Chester,Massachusetts,US,Never Married,English
3e383d93-552a-46ae-a96a-1989586244c9,Brady Kuhlman,male,1970-07-25,56,55 to 69,Quincy,Massachusetts,US,M,English
f120016e-295c-48b8-a7be-34dc0127d7e6,Chad Quigley,male,1952-06-19,74,70 to 84,West Springfield Town,Massachusetts,US,M,English
bc76f6c4-48cc-45b2-98f1-5792e72decdc,Franklyn Klein,male,1962-08-27,64,55 to 69,Franklin Town,Massachusetts,US,M,English
7aa15a43-3a41-4d3d-a9c5-7ef941757531,Gloria Covarrubias,female,1976-10-26,49,35 to 54,Sturbridge,Massachusetts,US,M,Spanish
bdb0bf01-3e05-4950-a843-4d7e722cae4f,Eddy Fadel,male,1976-01-16,50,35 to 54,Milford,Massachusetts,US,Never Married,English
39cc9d76-0952-4ded-9b39-b97d1e43b9cf,Alden Considine,male,1949-06-09,77,70 to 84,Easton,Massachusetts,US,M,Chinese
cd09f5d4-55f7-4a24-a25d-a5b65c7a8805,Christopher Dietrich,female,1946-10-25,79,70 to 84,Falmouth,Massachusetts,US,M,English
9de30b5a-f100-407c-9b27-1e47f6e3a663,Derek Becker,male,1964-03-18,62,55 to 69,Framingham,Massachusetts,US,M,English
8c7271df-e8d9-4baa-8762-8f0a585297cc,Alica Powlowski,female,1970-02-18,56,55 to 69,Middleborough,Massachusetts,US,M,English
583443e3-2d06-4a98-903c-044f0fd5659f,Emilia Palomino,female,1943-10-01,82,70 to 84,Boston,Massachusetts,US,S,Spanish
8ff20ff8-9a14-4c50-b0e1-e2e5c11df428,Basil Champlin,male,2010-08-02,16,0 to 17,Framingham,Massachusetts,US,Never Married,English
f9aef24a-c8f6-4c36-90a3-970a21701185,Eugenia Schuster,female,1952-05-23,74,70 to 84,Marlborough,Massachusetts,US,M,English
e7991a49-1512-4005-a478-09ecad76ca4c,Barry Wolf,male,1913-01-13,113,85 plus,Georgetown,Massachusetts,US,M,English
155d3d80-f3f0-4b39-9207-0d122cf94a11,Clara Montañez,female,1967-07-31,59,55 to 69,Southborough,Massachusetts,US,S,Spanish
b361ebbe-5dd5-4dee-a178-773d774fc04d,Hiedi Bruen,female,1966-07-11,60,55 to 69,Stoneham,Massachusetts,US,S,Chinese
6e7c2272-da51-4bf8-9511-d1e18eee1a89,Frank McDermott,male,2008-11-26,17,0 to 17,Quincy,Massachusetts,US,Never Married,English
74bbd61f-8017-4274-a156-8e31a96ec0d3,Catherine Turner,female,1965-04-07,61,55 to 69,Holyoke,Massachusetts,US,S,French (France)
27f12f19-ede7-4432-98d6-659b5201c9fa,Charlotte Padberg,female,1991-12-07,34,18 to 34,Medford,Massachusetts,US,S,English
9462ff5c-47c8-4e46-a180-1cac0a2003c4,Giuseppe Cremin,male,1998-01-28,28,18 to 34,Lee,Massachusetts,US,Never Married,English
d442b673-1185-42f5-bf7c-32eb47bb6b3d,Fredrick Kris,male,1980-12-30,45,35 to 54,Norwell,Massachusetts,US,M,English
c26c8d14-0497-4550-bab9-996eb8a1d83c,Burton McKenzie,male,2009-10-14,16,0 to 17,Brockton,Massachusetts,US,Never Married,English
786ec762-c52d-4f65-bd73-0119a0184e80,Burton Kozey,male,1958-02-24,68,55 to 69,Hopkinton,Massachusetts,US,S,English
59d572ce-0c47-434e-8fe6-2aa79c0f1139,Darius Klocko,male,1958-04-07,68,55 to 69,Salem,Massachusetts,US,S,English
2d95f315-808c-4b67-836b-e56bdba9dd21,Alexia Senger,female,1958-03-14,68,55 to 69,Somerville,Massachusetts,US,S,English
7d8d8cb5-24ff-4c7b-bb37-de80ce94155b,Florentino Mertz,male,1920-04-23,106,85 plus,Chicopee,Massachusetts,US,M,English
d5b9e8d1-eeab-48c6-bfc2-71b8f8ff342b,Freda O'Connell,female,1969-12-06,56,55 to 69,Fall River,Massachusetts,US,M,English
3be268d8-ec01-471a-937d-267bf0ed0b5c,Fidel Bins,male,1976-05-30,50,35 to 54,Lawrence,Massachusetts,US,M,English
65057126-d09f-49e2-ad8f-5a486ccf55f1,Beatrice Hagenes,female,2017-06-28,9,0 to 17,Scituate,Massachusetts,US,Never Married,English
54c48934-bec2-4773-89f5-f09f6fc6e6f9,Antonio Runolfsson,male,1997-08-13,29,18 to 34,Amherst,Massachusetts,US,Never Married,English
2bd18d48-1d2d-4edb-ad61-70bd7d91fe81,Hong Macejkovic,male,1932-06-09,94,85 plus,Reading,Massachusetts,US,S,English
a29740c4-30a5-442c-b49d-df0450de7388,Cary O'Hara,female,1963-04-02,63,55 to 69,Lynn,Massachusetts,US,M,English
fbeb6608-4810-453b-a3a6-b34f321410b1,Brendon Rath,male,2003-07-17,23,18 to 34,Andover,Massachusetts,US,Never Married,Portuguese
fc200fa2-12c9-4276-ba4a-e0601d424e55,Bruno Bernhard,male,2019-06-13,7,0 to 17,Boston,Massachusetts,US,Never Married,Chinese
7777f4bb-9c19-42fe-b09a-cd791ea99ac2,Hernán Heredia,male,2014-11-23,11,0 to 17,Abington,Massachusetts,US,Never Married,Spanish
b3679343-2f2d-4b44-84a9-31fc259bfef1,Amiee Buckridge,female,2009-12-11,16,0 to 17,Erving,Massachusetts,US,Never Married,English
c34852c9-ffba-4bda-890a-eef4bc683e42,Hallie Hoeger,female,1926-06-06,100,85 plus,Sterling,Massachusetts,US,M,English
dbcdd082-df8c-45c5-b961-816cf90f70c4,Filiberto Ryan,male,1998-12-31,27,18 to 34,Medford,Massachusetts,US,Never Married,English
775447e9-2cc5-4cc9-94de-d358d0efa661,Angele Greenfelder,female,2004-03-01,22,18 to 34,New Bedford,Massachusetts,US,Never Married,English
276e0848-caaf-4e0e-96ed-0d1f238b6ce8,Delbert Williamson,male,1995-10-27,30,18 to 34,Natick,Massachusetts,US,Never Married,English
